label,centroid-0,centroid-1,centroid-2,bbox-0,bbox-1,bbox-2,bbox-3,bbox-4,bbox-5,area,brightest_pix,elongation,n_vel,nx,ny,max_loc-0,max_loc-1,max_loc-2,max_loc,dist,nx_kpc,ny_kpc,fluxes,type
1,76.56593617839293,170.18646674356017,836.2195309496348,53,162,831,100,178,843,2601,4.42803955078125,1.5689756985125698,363.2766196996535,16,12,37,8,4,"[90, 170, 835]",245.77064631808778,114.38686390767201,85.79014522064682,"[1.576991773893149, 0.06074038770735387]",real
2,112.15,548.6666666666666,1568.2333333333333,110,544,1566,114,553,1571,60,5.876105785369873,4.329467738462917,30.91715912337477,9,5,2,7,3,"[112, 551, 1569]",241.33062252380714,63.180212206315964,35.10011733799216,"[0.31037342605760027, 0.018014711089010028]",real
3,128.54197662061637,398.6663124335813,1484.0207226354942,118,387,1479,142,408,1495,1882,3.911351203918457,2.379886150043952,185.50295474024858,21,16,9,15,4,"[127, 402, 1483]",239.36007208142402,146.21676917279794,111.40324689007979,"[1.1927506620584765, 0.03934544094902041]",real
4,283.7631352282515,451.77260981912144,614.2540913006029,275,446,611,294,459,619,1161,3.0825259685516357,2.7960845277852697,146.85650583603015,13,8,10,6,0,"[285, 452, 611]",220.35885666745642,83.32973699216683,51.27983663034334,"[0.09881519811246896, 0.01378311036856606]",real
5,363.5492842535787,749.2014996591683,967.7060668029993,337,740,957,393,760,979,7335,5.831040859222412,1.8085795810448855,432.8402277272467,20,22,47,9,15,"[384, 749, 972]",210.61411896621144,122.53034436084441,134.7833819902802,"[5.756480346363715, 0.08907004428514387]",real
6,359.24987186058434,537.4718093285495,1181.3426447975398,339,526,1175,384,550,1188,3902,4.989088535308838,2.706656613326483,347.81804013796614,24,13,39,9,8,"[378, 535, 1183]",211.10035408011876,147.37587674252583,79.82859073822513,"[2.3922992870256263, 0.05895291583894231]",real
7,357.6479012345679,972.3503703703703,661.4264197530864,340,962,654,381,982,669,4050,5.451467514038086,4.419124354302758,316.9008810145914,20,15,7,11,7,"[347, 973, 661]",211.34351110150308,122.95468756228816,92.21601111999708,"[2.704463248532636, 0.07056328505792822]",real
8,370.0412789310427,483.591028394178,970.3841565258888,343,475,962,403,491,981,4191,5.599796772003174,1.3482977927422373,463.7573868506215,16,19,53,10,11,"[396, 485, 973]",209.76346065794155,97.6283571148195,115.93367750729206,"[2.788681494741029, 0.0641264540385944]",real
9,365.3998444185142,867.4165694282381,878.0544535200311,351,856,872,381,877,885,2571,6.6164093017578125,2.897035160385591,231.87869342531076,21,13,16,16,6,"[367, 872, 878]",210.37104086514972,128.5083750825291,79.55279751934853,"[1.5590523299741212, 0.04592009641534175]",real
10,352.0,974.5,653.0,352,974,653,353,976,654,2,-5.443933010101318,inf,7.7292897808436924,2,1,0,1,0,"[352, 975, 653]",211.9515187938134,12.33083983750041,6.165419913533275,"[-0.011552710940982295, -0.00567804190645677]",real
11,367.1783536585366,621.172256097561,1385.4550304878048,358,617,1381,378,628,1391,1312,4.131585597991943,1.5749138597655012,154.58579561687384,11,10,7,6,3,"[365, 623, 1384]",210.12798906232354,67.23613368353497,61.12375753207952,"[0.918625691283194, 0.0428193463018664]",real
12,374.6028159790439,322.1532416502947,985.3474132285527,361,313,980,389,332,992,3054,5.372406482696533,2.8349109890796904,216.42011386362336,19,12,20,9,7,"[381, 322, 987]",209.27751478943554,115.66510121936912,73.05163840422547,"[2.160838021882844, 0.06049699301062108]",real
13,376.90625,466.0060763888889,103.28645833333333,361,458,98,391,474,112,2304,5.416049003601074,2.066569395562787,231.87869342531076,16,14,4,9,3,"[365, 467, 101]",209.03458127587325,97.2891212136621,85.12797962131712,"[2.0693990572533254, 0.0770696866769141]",real
14,373.31071983428274,8.602796478508544,92.68772656654583,364,0,87,383,19,100,1931,3.6394076347351074,2.469904353075201,146.85650583603015,19,13,10,9,7,"[374, 9, 94]",209.39899140058938,115.73223984407534,79.18521244720675,"[1.529120490922574, 0.030140702269080125]",real
15,385.358698895852,202.07072515666965,231.57863324380781,365,196,224,407,210,240,3351,5.906285762786865,1.5273878773644858,324.63017079543505,14,16,4,7,5,"[369, 203, 229]",207.94170555366722,84.68291306036468,96.78047370682279,"[3.163470148322993, 0.09802747709218432]",real
16,367.0,753.0,962.0,367,753,962,368,754,963,1,5.639050006866455,,7.7292897808436924,1,1,0,0,0,"[367, 753, 962]",210.12798906232354,6.112375582530465,6.112375582530465,"[0.005693987177843308, 0.005693987177843308]",real
17,367.0,859.5,882.5,367,859,882,368,861,884,4,-1.6337134838104248,1.0,7.7292897808436924,2,2,0,1,1,"[367, 860, 883]",210.12798906232354,12.22475117540502,12.22475117540502,"[-0.009572592821606515, -0.0014018296889451505]",real
18,367.0,866.0,868.5,367,865,868,368,868,870,4,-1.746780276298523,6.854101966249685,7.7292897808436924,3,2,0,2,1,"[367, 867, 869]",210.12798906232354,18.33712678896775,12.22475117540502,"[-0.0146982250225922, 0.0]",real
19,367.0,866.5,871.0,367,866,871,368,868,872,2,-6.836320877075195,inf,7.7292897808436924,2,1,0,0,0,"[367, 866, 871]",210.12798906232354,12.22475117540502,6.112375582530465,"[-0.01360615135254389, -0.006428479763294365]",real
20,379.3333333333333,865.0,869.3333333333334,379,865,869,381,866,871,3,1.4081735610961914,,15.458579561687385,1,2,0,0,0,"[379, 865, 869]",208.67023026940316,6.069971097098384,12.139942204469097,"[0.0054074882810583695, 0.0037673582071945213]",real
21,388.7998638529612,634.4914908100749,1154.4009530292717,381,627,1150,397,644,1160,1469,4.8674163818359375,3.5086189077787995,123.66863649349908,17,10,3,8,3,"[384, 635, 1153]",207.57753181564516,102.64916671286736,60.38185955343533,"[1.1480136066431854, 0.03328634881217612]",real
22,384.0,740.0,969.0,384,740,969,385,741,970,1,5.442721366882324,,7.7292897808436924,1,1,0,0,0,"[384, 740, 969]",208.0631099267663,6.052310681774605,6.052310681774605,"[0.005499297869762736, 0.005499297869762736]",real
23,407.53331291162505,271.0927400827079,619.0944248736407,385,256,607,434,289,632,13058,7.801932334899902,3.0158778577092966,378.7351992613409,33,25,13,20,13,"[398, 276, 620]",205.27246907011377,197.04748998629702,149.27838196830135,"[10.617864268732127, 0.07681127025675068]",real
24,420.3304416403785,469.0402208201893,36.46214511041009,401,463,31,433,475,43,1268,4.997459888458252,2.1414952560564418,247.33727298699816,12,12,1,6,10,"[402, 469, 41]",203.69668395521495,71.10356081688012,71.10356081688012,"[1.348383606269701, 0.053015984610650456]",real
25,592.2872340425532,624.9042553191489,1544.4148936170213,591,621,1542,595,631,1548,94,7.781067848205566,3.558740330674036,30.91715912337477,10,6,2,3,2,"[593, 624, 1544]",182.95152541137975,53.21844428850694,31.931065996703584,"[0.4653555857412875, 0.01882857531446005]",real
1,6.17490494296578,111.0551330798479,1026.787072243346,0,105,1023,14,119,1032,1052,0.0009380863048136234,2.4952045059488523,108.21005693181168,14,9,9,6,3,"[9, 111, 1026]",254.4290218183947,103.61457158059156,66.60936528411679,"[0.0001479618326319147, 7.435581640400092e-06]",mock
2,6.832675611681137,254.97868981846884,1402.8145224940804,0,248,1399,16,263,1408,1267,0.0004306236805859953,2.7110781948123654,123.66863649349908,15,9,1,6,4,"[1, 254, 1403]",254.4290218183947,111.01561331583366,66.60936528411679,"[0.00012596748196142657, 5.99340999038414e-06]",mock
3,8.0766598220397,447.93360711841206,437.8877481177276,0,441,434,18,456,443,1461,0.00032111420296132565,2.226827043666628,139.12721605518644,15,9,3,6,4,"[3, 447, 438]",254.18118021400673,110.9074720058539,66.54448050076427,"[9.421968152792391e-05, 4.773805069876853e-06]",mock
4,2.819298245614035,456.4578947368421,1171.9473684210527,0,450,1168,8,464,1177,570,0.0006415147799998522,2.969508040337967,61.83431824674954,14,9,3,6,4,"[3, 456, 1172]",254.9247862699893,103.81646844318112,66.73915612014301,"[6.473196062732568e-05, 3.173025279418942e-06]",mock
5,14.48967032967033,833.8734065934066,114.79252747252747,0,828,111,31,841,120,2275,0.00023298989981412888,3.2425708469506733,239.60798320615444,13,9,25,6,3,"[25, 834, 114]",253.43781783323922,95.8387015765972,66.34986867541065,"[0.00012251536100331225, 5.796681181529612e-06]",mock
6,30.690169958658704,99.39366100137805,584.39159393661,1,92,579,62,108,591,4354,0.001333542400971055,2.9069638695313773,471.48667663146523,16,12,55,9,4,"[56, 101, 583]",251.45670854175208,117.03327769016681,87.77495549481785,"[0.0008256088257985422, 2.709323792196574e-05]",mock
7,19.71015625,474.865625,713.90546875,2,469,710,38,482,719,2560,9.040907025337219e-05,2.9413836572558845,278.2544321103729,13,9,31,6,4,"[33, 475, 714]",252.8185352369881,95.60451695316131,66.18774086320992,"[4.035480214554646e-05, 1.975718343654833e-06]",mock
8,12.705173635719348,514.8575478384125,835.8979447200567,4,508,831,23,523,841,1411,0.000949677312746644,2.399581170049266,146.85650583603015,15,10,5,7,4,"[9, 515, 835]",253.68557822586519,110.69122482508476,73.79414728165538,"[0.0002288238211961654, 9.993855921023563e-06]",mock
9,13.647940074906368,424.8883895131086,835.8659176029962,5,418,832,23,432,841,1335,0.0001794093259377405,2.518706579193989,139.12721605518644,14,9,13,7,4,"[18, 425, 836]",253.56169464656026,103.26135820623848,66.38229955082636,"[4.024703399942447e-05, 2.1343877429614354e-06]",mock
10,17.698576972833116,854.9003880983182,48.909443725743856,13,848,45,24,863,54,773,0.0012669381685554981,2.49121540312876,85.02218758928062,15,9,5,7,4,"[18, 855, 49]",253.06622798363404,110.4209822776458,66.25258667569487,"[0.0001524337255078696, 7.080087389850771e-06]",mock
11,40.68737339635381,578.3970290344362,1065.4216745442268,21,571,1061,61,586,1070,2962,0.00034940618206746876,2.256329933984347,309.1715912337477,15,9,35,8,5,"[56, 579, 1066]",250.2193937325244,109.17881639524487,65.50728717652513,"[0.00014370148480625798, 6.2801163671500095e-06]",mock
12,33.69598765432099,123.4020061728395,1467.39737654321,26,116,1463,42,132,1473,1296,0.0009482195600867271,2.0364997262246063,123.66863649349908,16,10,11,8,4,"[37, 124, 1467]",251.0854431801757,116.8604829279587,73.03779861628912,"[0.0002516450220768849, 1.084520641351902e-05]",mock
13,40.6949823943662,183.3406690140845,1018.4018485915493,26,177,1014,57,191,1024,2272,0.0005056119989603758,2.93532227936251,239.60798320615444,14,10,25,6,5,"[51, 183, 1019]",250.2193937325244,101.90022780206456,72.78587503064375,"[0.0001695796265368704, 7.200296910281446e-06]",mock
14,43.66654702081838,522.4156496769563,602.4077530509692,26,516,596,63,530,610,2786,0.0019041249761357903,3.03052855492356,285.9837218912166,14,14,4,6,9,"[30, 522, 605]",249.84833096017547,101.74911489084218,101.74911489084218,"[0.001036201894460889, 3.068321241221051e-05]",mock
15,34.66689419795222,617.4006825938567,1348.39590443686,26,610,1344,44,626,1354,1465,0.000867796887177974,2.227737537925994,139.12721605518644,16,10,4,8,5,"[30, 618, 1349]",250.96170157020705,116.8028909619886,73.00180363914158,"[0.0002541311836160762, 1.0173467661286333e-05]",mock
16,40.72293676312969,472.37781350482317,383.41371918542336,29,466,379,54,480,389,1866,0.0005840032827109098,3.015565589353611,193.23224452109227,14,10,19,6,5,"[48, 472, 384]",250.2193937325244,101.90022780206456,72.78587503064375,"[0.000206566558141923, 8.494966653102937e-06]",mock
17,43.65416850463167,743.3656815174239,250.37626819585356,30,736,246,58,752,256,2267,0.0007798656588420272,1.8777836278183482,216.42011386362336,16,10,4,9,4,"[34, 745, 250]",249.84833096017547,116.2847047002995,72.67793723983613,"[0.0003152114362270266, 1.2984536102076138e-05]",mock
18,39.654205607476634,511.39762107051826,1329.4333050127443,32,505,1325,48,519,1334,1177,0.00034090751432813704,2.630151880247244,123.66863649349908,14,9,5,6,4,"[37, 511, 1329]",250.3430948246487,101.95060427080585,65.53967204823695,"[8.654502271300135e-05, 4.022327878112436e-06]",mock
19,42.70614425645592,424.4087266251113,311.4033837934105,36,418,307,51,432,316,1123,0.00028684624703601,2.7255097139434774,115.93934671265538,14,9,4,7,4,"[40, 425, 311]",249.97201180084076,101.79948311230793,65.44252273521086,"[5.29913386462783e-05, 2.451978692473699e-06]",mock
20,46.706756756756754,657.3858108108108,1259.4439189189188,37,650,1256,57,666,1264,1480,0.0008025048882700503,2.466203076186505,154.58579561687384,16,8,5,8,3,"[42, 658, 1259]",249.47732893226032,116.1120324991544,58.05601310559935,"[0.00023122118341521212, 1.0465367624581749e-05]",mock
21,53.64080459770115,169.42068965517242,786.3879310344828,42,163,782,66,177,792,1740,0.0004610082833096385,2.4837691886608386,185.50295474024858,14,10,18,6,5,"[60, 169, 787]",248.61189367837198,101.24558381437646,72.31827219495644,"[0.000125808223131717, 5.847060013783425e-06]",mock
22,53.65128504672897,705.3907710280374,193.40070093457945,45,697,188,63,715,200,1712,0.002210244769230485,1.829885961600774,139.12721605518644,18,12,13,10,6,"[58, 707, 194]",248.61189367837198,130.1728981752343,86.78192771094098,"[0.000739370378685104, 2.0105323160908025e-05]",mock
23,57.629555997349236,160.90987408880054,126.88204108681246,48,154,123,68,169,132,1509,0.0005413201870396733,2.345123495069709,154.58579561687384,15,9,4,8,4,"[52, 162, 127]",248.11750762463453,108.26169548773306,64.95701465436774,"[0.0001647757984465537, 7.592022062341191e-06]",mock
24,81.72994880546075,335.3818259385666,1044.3980375426622,48,327,1041,116,345,1049,4688,0.0009679626091383398,2.1418171726564608,525.591705097371,18,8,7,10,3,"[55, 337, 1044]",245.15345526256317,128.362063845929,57.049801970065445,"[0.0006427431314270025, 2.4840544037551536e-05]",mock
25,58.64508094645081,447.9109589041096,252.90971357409714,48,441,249,70,455,258,1606,0.00022130346042104065,2.933682733961751,170.04437517856124,14,9,16,7,4,"[64, 448, 253]",247.99392796671088,100.99392127993899,64.92466157405681,"[6.866595047574007e-05, 3.4144826520910906e-06]",mock
26,59.693623639191294,357.89476412649043,751.907724209435,49,349,747,72,367,757,1929,0.0021899696439504623,1.877132448431194,177.77366495940493,18,10,17,7,5,"[66, 356, 752]",247.87035504988725,129.78462941242273,72.10256734035599,"[0.0007382900224673106, 2.514737332637743e-05]",mock
27,61.67718309859155,481.91042253521124,1160.909295774648,50,475,1157,74,489,1166,1775,0.0002791844308376312,2.933682733961752,185.50295474024858,14,9,18,7,3,"[68, 482, 1160]",247.6232294373368,100.84295670430946,64.82761292144285,"[9.960118729671843e-05, 4.8830969724872755e-06]",mock
28,64.69183445190157,749.9429530201343,17.904921700223714,53,744,14,78,757,23,1788,0.00036050696508027613,3.316086737266768,193.23224452109227,13,9,18,6,3,"[71, 750, 17]",247.25259156298048,93.49972920157026,64.73058014827615,"[0.0001722339327308374, 8.133385970701472e-06]",mock
29,59.67716535433071,749.8582677165355,1184.9002624671916,55,743,1181,66,758,1190,762,0.0007433416903950274,2.6405208262592557,85.02218758928062,15,9,5,7,4,"[60, 750, 1185]",247.87035504988725,108.15385482367651,64.89231025856182,"[7.646940542838125e-05, 3.7595077910156546e-06]",mock
30,77.67962308598351,55.899882214369846,536.9120533961524,61,49,532,96,64,542,2547,0.0005108184413984418,3.0708505645868756,270.5251423295292,15,10,4,6,4,"[65, 55, 536]",245.64719464682076,107.18381801780431,71.45587615924136,"[0.00023976779248451459, 1.0324830949924388e-05]",mock
31,71.54824561403508,3.013157894736842,1337.9024122807018,63,0,1333,81,9,1344,912,0.0014495101058855653,1.1808847203822312,139.12721605518644,9,11,13,1,4,"[76, 1, 1337]",246.38800565316444,64.5042320757377,78.83850675981218,"[0.0003043994872551482, 1.565287836856793e-05]",mock
32,73.69038461538462,876.9346153846154,758.9067307692308,67,870,755,81,885,764,1040,0.0011087425518780947,2.2840798389026,108.21005693181168,15,9,6,7,4,"[73, 877, 759]",246.14104172118323,107.399299472918,64.43957706649476,"[0.0001801140719270875, 8.184308977076614e-06]",mock
33,81.66818477553676,121.38711776187378,1512.4137931034484,72,115,1508,93,129,1517,1537,0.00016345294716302305,2.9169300291932676,162.31508539771752,14,9,15,6,4,"[87, 121, 1512]",245.15345526256317,99.83715716465382,64.1810275240655,"[5.3466546868987356e-05, 2.537064740152639e-06]",mock
34,87.63789080727952,719.3999066728885,667.4353709752684,74,713,664,102,727,672,2143,0.00013464383664540946,2.397624531327485,216.42011386362336,14,8,24,7,3,"[98, 720, 667]",244.41304802807883,99.53563111291659,56.877501375487675,"[4.6951290460955e-05, 2.234212035396245e-06]",mock
35,88.72503299604047,154.41399032116146,1392.3915530136383,75,147,1387,104,163,1399,2273,0.0015209461562335491,2.5599436192987297,224.14940364446707,16,12,24,8,4,"[99, 155, 1391]",244.28967036349403,113.69758633320772,85.2731870561293,"[0.0006557410434923597, 2.2059548775708896e-05]",mock
36,82.69136960600375,74.42589118198875,270.3874296435272,76,68,266,91,82,276,1066,0.0006318788509815931,3.0231159279949584,115.93934671265538,14,10,8,6,4,"[84, 74, 270]",245.03003723894932,99.7868959737304,71.27635233699286,"[0.00012067701687643711, 5.451240272166003e-06]",mock
37,82.68792934249264,448.38076545632975,86.4190382728165,77,441,82,90,456,92,1019,0.0017398495692759752,3.2013476263959793,100.48076715096799,15,10,7,7,5,"[84, 448, 87]",245.03003723894932,106.91453227493744,71.27635233699286,"[0.00035732012210656195, 1.4020395210506178e-05]",mock
38,87.69670846394985,588.3918495297805,951.3840125391849,79,582,947,97,596,956,1276,0.0003628021804615855,2.653192557991856,139.12721605518644,14,9,12,6,4,"[91, 588, 951]",244.41304802807883,99.53563111291659,63.98718935423607,"[7.557375871236072e-05, 3.4612821659910122e-06]",mock
39,96.70220326936744,908.4186211798152,131.41222459132908,90,901,125,105,917,138,1407,0.00293945986777544,2.7447992405998485,115.93934671265538,16,13,4,7,5,"[94, 908, 130]",243.30289108552876,113.23831835850648,92.00613140858219,"[0.0009844202479992582, 2.5368070514201085e-05]",mock
40,110.71705535262714,546.8968811463894,949.8918235459398,91,538,945,132,557,956,3559,0.0017471429891884327,1.7106118805954487,316.9008810145914,19,11,35,7,4,"[126, 545, 949]",241.577062088307,133.51666263256095,77.2991152388913,"[0.0009087324152440878, 2.7532362729568665e-05]",mock
41,118.78057971014493,536.8826086956522,466.8982608695652,94,530,463,144,544,472,3450,9.49133827816695e-05,2.36713687653387,386.46448904218454,14,9,4,6,4,"[98, 536, 467]",240.5914648864214,97.97931612513551,62.98670118025733,"[5.1718747027247246e-05, 2.544328936159758e-06]",mock
42,114.7944287729196,682.8818758815232,992.8942172073342,95,677,989,135,690,998,2836,0.0002517835528124124,2.952117335246082,309.1715912337477,13,9,4,6,3,"[99, 683, 992]",241.08420980491715,91.16712665797299,63.11570150432966,"[9.719033212025001e-05, 4.587015545504839e-06]",mock
43,118.65641025641025,722.8789173789174,1193.8735042735043,95,715,1190,144,732,1199,3510,0.0006769267492927611,2.3742462625253298,378.7351992613409,17,9,43,6,4,"[138, 721, 1194]",240.5914648864214,118.97488698706005,62.98670118025733,"[0.0004345022373098194, 1.9232273835083357e-05]",mock
44,101.68238557558946,196.40499306518723,1184.4091539528433,97,190,1180,107,204,1189,721,0.0005991565412841737,2.7861109536808306,77.29289780843692,14,9,5,6,4,"[102, 196, 1184]",242.6863724606318,98.83245366916019,63.535146726483745,"[5.573153729645833e-05, 2.7901147434725817e-06]",mock
45,109.69624060150376,453.88671679197995,236.89022556390978,97,447,233,123,462,242,1995,0.000384283164748922,2.069916628332177,200.96153430193598,15,9,20,6,4,"[117, 453, 237]",241.70029193903144,105.46165667916618,63.27699143746286,"[0.00014457184693920236, 6.936583873057338e-06]",mock
46,111.6734693877551,893.9004581424407,1189.8896293211162,97,887,1186,127,902,1195,2401,0.0006004386814311147,1.8810007141567902,231.87869342531076,15,9,25,6,4,"[122, 893, 1190]",241.4538389500815,105.35412126702546,63.212470192799,"[0.00022579879015429625, 9.920535598318754e-06]",mock
47,118.70730976632714,459.89724385859796,1314.890353505093,101,451,1309,137,470,1322,3338,0.002276057843118906,2.215374352837276,278.2544321103729,19,13,5,11,7,"[106, 462, 1316]",240.5914648864214,132.97193521532108,90.98079285191025,"[0.0014506165529324692, 3.833943661639601e-05]",mock
48,111.70498084291188,340.88275862068963,140.90498084291187,103,334,136,121,349,146,1305,0.000681245350278914,2.9245535295168925,139.12721605518644,15,10,12,7,4,"[115, 341, 140]",241.4538389500815,105.35412126702546,70.23607836839479,"[0.00019688242456653737, 8.825115728097818e-06]",mock
49,118.66151046405824,73.89626933575978,1301.9071883530482,112,67,1298,127,82,1307,1099,0.00036660590558312833,2.18548338964263,115.93934671265538,15,9,7,7,4,"[119, 74, 1302]",240.5914648864214,104.97783956417308,62.98670118025733,"[6.0971739736735486e-05, 2.9496419532452763e-06]",mock
50,126.72884440400364,743.4149226569609,1057.375796178344,112,737,1053,142,751,1063,2198,0.0005533868679776788,2.390044457467606,231.87869342531076,14,10,5,7,5,"[117, 744, 1058]",239.6062970038104,97.5781128843961,69.69865017304511,"[0.00021974029448006512, 9.641008182400537e-06]",mock
51,118.70361445783132,678.8867469879518,384.9012048192771,113,672,381,125,687,390,830,0.0005446398863568902,2.3423280643163347,92.75147737012429,15,9,6,7,4,"[119, 679, 385]",240.5914648864214,104.97783956417308,62.98670118025733,"[6.499511071605327e-05, 3.1642714589810953e-06]",mock
52,127.69344773790952,162.41653666146647,999.399375975039,120,156,995,137,170,1004,1282,0.0004463578516151756,2.699074534677439,131.39792627434275,14,9,4,6,4,"[124, 162, 999]",239.48318119102555,97.52797476687583,62.69655317364453,"[8.291105141798424e-05, 3.741098044000508e-06]",mock
53,137.74200722824577,349.39227133722545,78.4161801501251,120,339,73,156,361,85,3597,0.0033802392426878214,1.5114315985826314,278.2544321103729,22,12,4,13,4,"[124, 352, 77]",238.25239164797446,152.47060962108884,83.16577909060845,"[0.0021894714944714466, 4.418026437490414e-05]",mock
54,135.69076052796984,609.3859208045254,434.40289126335637,126,603,430,147,617,440,1591,0.000638389028608799,2.9169300291932676,162.31508539771752,14,10,15,7,5,"[141, 610, 435]",238.49849595738283,97.12696808180337,69.37640389420437,"[0.0001788729348928367, 7.695875002249691e-06]",mock
55,141.69077306733166,69.38029925187033,1256.3734413965087,131,63,1252,153,77,1262,1604,0.00032213926897384226,2.847714653517208,170.04437517856124,14,10,6,6,5,"[137, 69, 1257]",237.7602633973304,96.82632765214642,69.16166073597832,"[9.981863584003847e-05, 4.707916588845464e-06]",mock
56,144.70899209486166,438.37005928853756,37.39575098814229,132,432,33,159,446,43,2024,0.0007143872207961977,2.8802209773173093,208.69082408277967,14,10,21,6,3,"[153, 438, 36]",237.3912375142759,96.67604425089934,69.05431545227984,"[0.0003364972863069332, 1.3422745345916952e-05]",mock
57,143.76784741144414,515.3209809264305,257.3885558583106,132,509,253,157,523,262,1835,0.00018661862122826278,2.738876990616185,193.23224452109227,14,9,4,6,4,"[136, 515, 257]",237.51423944734591,96.72613599164316,62.18108540628616,"[7.086970052815832e-05, 3.4503253629912896e-06]",mock
58,139.75434027777777,552.3663194444445,1213.365451388889,132,546,1209,148,560,1218,1152,0.0003449159557931125,2.8498719800353216,123.66863649349908,14,9,11,7,4,"[143, 553, 1213]",238.0063141294148,96.92653021948645,62.30991026286399,"[7.849446282924219e-05, 3.7907461565570518e-06]",mock
59,146.71952479338842,370.41322314049586,1495.3889462809918,135,363,1490,159,379,1501,1936,0.001344045391306281,2.509139228689143,185.50295474024858,16,11,19,6,6,"[154, 369, 1496]",237.14525372924442,110.37242352192585,75.88103828198784,"[0.000544971816773254, 1.9769798721304607e-05]",mock
60,145.67321867321868,81.38329238329239,784.3839066339067,136,74,780,157,90,790,1628,0.0006817232933826745,2.199598154160549,162.31508539771752,16,10,4,7,4,"[140, 81, 784]",237.2682422750907,110.42966499590446,69.01853758560391,"[0.00017295438211630752, 7.298912053381836e-06]",mock
61,165.84624277456646,608.9204624277456,1166.896416184971,136,602,1161,196,617,1174,4325,0.0014224312035366893,2.505414726437566,463.7573868506215,15,13,4,6,8,"[140, 608, 1169]",234.8097423663206,102.45508698271206,88.79440731584462,"[0.0010106541703552264, 3.26029863715617e-05]",mock
62,146.6949352179034,792.379269729093,474.3710247349823,136,786,470,159,800,480,1698,0.0004765805206261575,2.45324971026417,177.77366495940493,14,10,17,6,5,"[153, 792, 475]",237.14525372924442,96.57586894731308,68.98276166594142,"[0.00016068981679809378, 7.298653139122026e-06]",mock
63,148.7074418604651,358.386511627907,901.406511627907,139,350,895,160,368,908,2150,0.0023394161835312843,1.724084821730286,162.31508539771752,18,13,4,10,7,"[143, 360, 902]",236.89929671538533,124.04019603748837,89.58458211059394,"[0.0008149068717674941, 1.933309700872656e-05]",mock
64,154.72790573111945,245.92662024638457,930.8950187466523,143,240,926,168,253,936,1867,0.0004537504573818296,3.3703971610653936,193.23224452109227,13,10,4,6,4,"[147, 246, 930]",236.16158625713817,89.30561343471777,68.6966243820626,"[0.00014315720490715365, 6.556172270077168e-06]",mock
65,158.67431597528685,658.9245366284201,1097.9179170344219,144,652,1094,174,667,1103,2266,0.00042911252239719033,2.640504894134082,231.87869342531076,15,9,4,6,4,"[148, 658, 1098]",235.66991306073749,102.8304072842819,61.69824186465424,"[0.00016347315533585363, 8.058504031364009e-06]",mock
66,151.70250896057348,211.85394265232975,592.905017921147,146,204,587,159,220,599,1116,0.002738120499998331,2.446760342602436,100.48076715096799,16,12,5,8,6,"[151, 212, 593]",236.53041138098305,110.08626287146224,82.56469454538134,"[0.0004815101257530792, 1.623703828011766e-05]",mock
67,155.6820857863751,109.89150546677881,99.91421362489487,148,103,96,164,118,105,1189,0.0002989990171045065,2.399581170049266,123.66863649349908,15,9,10,7,4,"[158, 110, 100]",236.03865792676675,102.99130259868718,61.7947790493765,"[7.518825566450388e-05, 3.710057846485113e-06]",mock
68,169.66807313642758,910.8860759493671,751.890576652602,150,902,746,190,921,758,3555,0.0023487182334065437,1.9917271812976076,309.1715912337477,19,12,34,11,7,"[184, 913, 753]",234.31836328053674,129.50486932946097,81.79254404402842,"[0.0013677150477197431, 3.4846193073601064e-05]",mock
69,165.71203703703705,739.8930555555555,143.85925925925926,152,733,140,180,748,149,2160,0.000574274396058172,2.574283720398971,216.42011386362336,15,9,23,8,4,"[175, 741, 144]",234.8097423663206,102.45508698271206,61.47304969285867,"[0.0002647586681982357, 1.2219603311424015e-05]",mock
70,168.62738448495125,381.94404408647733,1120.902501059771,153,376,1117,186,389,1126,2359,0.00010852805280592293,3.3703971610653936,255.06656276784182,13,9,4,6,3,"[157, 382, 1120]",234.4411980302556,88.65504054357736,61.376565006760764,"[4.541565937570808e-05, 2.3290849569316095e-06]",mock
71,186.64158224794983,785.4015918958032,255.41316931982635,159,778,251,215,794,261,4146,0.0008108378387987614,2.1152322442391305,432.8402277272467,16,10,50,9,4,"[209, 787, 255]",232.23119416801362,108.0853161285669,67.55331960798797,"[0.0005516953711135329, 2.1850812583185146e-05]",mock
72,165.70435684647302,444.8786307053942,325.9190871369295,160,438,322,173,453,331,964,0.0006764349527657032,2.7125646385666076,100.48076715096799,15,9,4,7,4,"[164, 445, 326]",234.8097423663206,102.45508698271206,61.47304969285867,"[0.00010252288556527995, 4.871302620170748e-06]",mock
73,178.69332723948813,381.3807129798903,325.3898537477148,165,374,320,193,390,331,2188,0.0015964135527610779,2.243872247662261,216.42011386362336,16,11,23,9,6,"[188, 383, 326]",233.21315107862412,108.54233967136962,74.62285568263849,"[0.000517865240636008, 1.921786610290229e-05]",mock
74,179.65156794425087,83.39671478347437,893.3867595818815,168,76,889,193,92,899,2009,0.000983693404123187,1.9869014573073116,193.23224452109227,16,10,19,6,5,"[187, 82, 894]",233.09038310682024,108.48520085722183,67.80324755240039,"[0.0003431237586956499, 1.3497969203822785e-05]",mock
75,179.71493469619534,630.3719477569563,1272.3833049403747,169,623,1268,191,639,1278,1761,0.0012157537275925279,2.196725195929753,170.04437517856124,16,10,17,9,4,"[186, 632, 1272]",233.09038310682024,108.48520085722183,67.80324755240039,"[0.00040173535210934045, 1.7049873292709765e-05]",mock
76,176.70962389380531,875.3733407079646,1467.391592920354,169,866,1460,185,885,1476,1808,0.004228150472044945,2.867256339595335,123.66863649349908,19,16,5,10,9,"[174, 876, 1469]",233.4587070487981,129.02974793307996,108.65662662045324,"[0.0014642347700141549, 2.6398165534067733e-05]",mock
77,177.6518578352181,201.38449111470112,87.38287560581583,170,195,83,187,209,92,1238,0.00043592473957687616,2.699074534677439,131.39792627434275,14,9,5,6,4,"[175, 201, 87]",233.33592572576813,95.02454478519813,61.087205380481294,"[0.00011426259581298076, 5.386507430667616e-06]",mock
78,185.6847030105777,380.3494711147274,149.39137510170872,171,374,142,201,388,158,2458,0.002574247308075428,2.8253870151004845,231.87869342531076,14,16,25,6,10,"[196, 380, 152]",232.35391542767215,94.62462745030552,108.14243320189296,"[0.0013844959131489823, 3.767121508266894e-05]",mock
79,179.72593235039028,575.4301821335646,539.3790112749349,172,569,535,188,583,545,1153,0.0007054426823742688,2.9496236916772007,123.66863649349908,14,10,5,6,5,"[177, 575, 540]",233.09038310682024,94.92454914364266,67.80324755240039,"[0.00014282835583060086, 6.1049837623693455e-06]",mock
80,181.70266479663394,199.39971949509118,1074.407433380084,173,193,1070,192,207,1080,1426,0.0009150331607088447,2.9166941551109256,146.85650583603015,14,10,13,6,5,"[186, 199, 1075]",232.8448671870579,94.8245643751576,67.73182986255914,"[0.0002158683908087121, 8.973750998408196e-06]",mock
81,189.72576045627378,205.40209125475286,215.3954372623574,176,199,211,204,213,220,2104,0.00018469637143425643,2.390044457467606,216.42011386362336,14,9,4,6,4,"[180, 205, 215]",231.8630704127866,94.42473399645993,60.7016127430853,"[7.138723182415e-05, 3.3718389118142776e-06]",mock
82,194.55099736544975,348.90703801279636,982.8799397817087,177,342,979,214,356,988,2657,0.00011577799159567803,2.8659644140953016,285.9837218912166,14,9,31,6,4,"[208, 348, 983]",231.24966420060562,94.17492828866072,60.54102336470898,"[6.1638255279163e-05, 3.133596450423108e-06]",mock
83,182.65631929046563,877.4345898004434,407.3680709534368,177,871,403,189,885,412,902,0.0004643425054382533,3.0231159279949584,92.75147737012429,14,9,7,6,4,"[184, 877, 407]",232.7221192380106,94.77457606776237,60.92651121019916,"[7.726674422510606e-05, 3.6444425248517347e-06]",mock
84,210.62213976499692,443.90723562152135,287.8991960420532,201,437,284,221,452,293,1617,0.00043326240847818553,2.1494591870178965,154.58579561687384,15,9,15,6,4,"[216, 443, 288]",229.287883982098,100.0457215306639,60.027430480344556,"[0.00011915042461788668, 5.686962221743704e-06]",mock
85,231.1584229390681,279.4100358422939,698.3978494623656,203,271,693,260,289,704,4185,0.001596820424310863,2.2555365754940238,440.5695175080905,18,11,5,11,4,"[208, 282, 697]",226.71563370799856,118.70804193939671,72.54379925378313,"[0.0010622421996483858, 3.379530346191262e-05]",mock
86,212.6801831262263,787.9005886200131,302.9025506867234,203,781,299,223,795,308,1529,0.0002151518128812313,3.083996555113793,154.58579561687384,14,9,16,7,4,"[219, 788, 303]",229.04278134346472,93.27618953575846,59.96326275658355,"[6.977951803267509e-05, 3.5552795043451005e-06]",mock
87,217.22124326970143,121.38717572197748,1039.3749388154674,204,115,1035,231,129,1045,2043,0.0002197166468249634,2.4015714899161282,208.69082408277967,14,10,22,7,4,"[226, 122, 1039]",228.43014123251723,93.0266958177257,66.44763807059425,"[6.765231859467618e-05, 3.129014808617605e-06]",mock
88,232.20147484856466,680.4108506715828,1371.384250724256,207,674,1365,258,688,1379,3797,0.0014224579790607095,3.1437230475284075,394.19377882302825,14,14,5,6,4,"[212, 680, 1369]",226.59321875168465,92.27862103239684,92.27862103239684,"[0.00112735783511659, 3.613648193225372e-05]",mock
89,219.15328054298644,452.3716063348416,1464.3744343891403,208,446,1460,231,460,1470,1768,0.0002957880205940455,2.7865245542021886,177.77366495940493,14,10,18,6,5,"[226, 452, 1465]",228.18513177100462,92.92691730108328,66.37636770349376,"[0.00012446354855929142, 5.893574377762565e-06]",mock
90,222.23389142567225,346.3896499238965,924.3987823439878,210,339,920,236,354,929,1971,0.0004949845606461167,2.2379728618421044,200.96153430193598,15,9,19,8,4,"[229, 347, 924]",227.81766747539731,99.40421850545107,59.64252868084991,"[0.00017139391968547634, 7.774695330525898e-06]",mock
91,216.15801104972377,399.3801104972376,42.38342541436464,211,392,38,223,407,48,905,0.0011918130330741405,2.2170406153998417,92.75147737012429,15,10,4,7,4,"[215, 399, 42]",228.55265594423204,99.72491775219815,66.48327615748781,"[0.00018652063072386276, 8.002854435255663e-06]",mock
92,222.56760772659732,404.42496285289747,1.2020802377414561,214,398,0,232,412,4,673,0.0002706845698412508,8.880667990942342,139.12721605518644,14,4,13,6,0,"[227, 404, 0]",227.81766747539731,92.777269846212,26.507790038842746,"[4.183051603732785e-05, 4.109564707427423e-06]",mock
93,236.2262166788946,619.884323795549,967.8887258498411,214,611,963,259,629,974,4089,0.001295715570449829,1.435830803686365,347.81804013796614,18,11,39,7,4,"[253, 618, 967]",226.10362538129482,118.38759509183974,72.34797063593307,"[0.0006061108041788229, 1.7526983557099455e-05]",mock
94,221.18061224489796,276.4051020408163,1443.3836734693878,215,269,1439,228,284,1449,980,0.0015535749262198806,2.4362660830834306,100.48076715096799,15,10,7,7,4,"[222, 276, 1443]",227.94014892176727,99.45766112292998,66.30510507759074,"[0.000261594832500185, 1.07648696760186e-05]",mock
95,226.09071038251366,468.3661202185792,402.4010928961749,215,461,398,238,477,408,1830,0.0006517476285807788,2.4143263016161716,177.77366495940493,16,10,4,6,4,"[219, 467, 402]",227.3278081989291,105.80317645104603,66.1269823722967,"[0.00023338273905948705, 1.0504405983168444e-05]",mock
96,234.1884278644842,318.399695470118,898.396650171298,217,312,893,252,326,905,2627,0.0012964213965460658,2.5515452319759593,270.5251423295292,14,12,5,7,7,"[222, 319, 900]",226.34840877659977,92.17892375531035,79.01050491715168,"[0.0006023414766073325, 2.0365925654784067e-05]",mock
97,244.19063370473538,883.8781337047354,315.88805710306406,221,872,309,268,897,324,5744,0.003946616780012846,1.8934743811505115,363.2766196996535,25,15,5,16,7,"[226, 888, 316]",225.1247575113358,163.71537641913247,98.22921476913204,"[0.0030841747912870613, 4.4017136562380127e-05]",mock
98,237.51997245179064,2.847796143250689,229.85881542699724,224,0,226,254,9,235,1452,0.0002731831045821309,1.1159046417226095,231.87869342531076,9,9,5,2,4,"[229, 2, 230]",225.98124364970832,59.161754024926076,59.161754024926076,"[9.999420302925348e-05, 6.32866686613202e-06]",mock
99,249.17565403096637,116.87132941804592,243.83796049119061,226,108,240,274,127,249,3746,0.001471064519137144,1.8610096458459833,371.00590948049717,19,9,4,7,4,"[230, 115, 244]",224.5131808951381,124.08566596104083,58.77741607644719,"[0.0008985973151602827, 3.4500596839091893e-05]",mock
100,257.3091268100044,472.36090390522156,708.3751645458534,228,465,701,287,480,717,4558,0.0018985336646437645,3.3250739373740665,456.0280970697778,15,16,4,8,10,"[232, 473, 711]",223.53500339656358,97.53555361832677,104.0379247692197,"[0.0011369274165502993, 3.080206769925237e-05]",mock
101,239.16211453744492,448.8916299559471,40.904845814977975,232,442,37,247,457,46,1135,0.0006740461685694754,2.4967791304671723,115.93934671265538,15,9,7,7,4,"[239, 449, 41]",225.73650011596072,98.49613785816683,59.09768031460873,"[0.00014341759622304504, 6.940098957480882e-06]",mock
102,246.21537125488493,112.89231437255754,550.8892748588797,233,105,547,261,122,556,2303,0.0013410263927653432,1.8402341418372354,216.42011386362336,17,9,4,9,4,"[237, 114, 551]",224.88010695002868,111.20546326382858,58.873477097504406,"[0.0005098111879838586, 2.059786206971827e-05]",mock
103,242.24603677869374,647.8712745719721,1418.8662016487,233,641,1415,253,656,1424,1577,0.00028006458887830377,2.265852680934006,154.58579561687384,15,9,14,6,4,"[247, 647, 1419]",225.36943463079038,98.33597531196034,59.00158279078791,"[0.00011268415470393015, 5.549179626839209e-06]",mock
104,245.1493411420205,439.8836017569546,485.8887262079063,237,433,481,254,448,491,1366,0.0008184026228263974,2.555091327334203,131.39792627434275,15,10,4,6,4,"[241, 439, 485]",225.0024289111836,98.17583884340273,65.45055692136773,"[0.00019099273034451313, 8.530328490373127e-06]",mock
105,243.22319474835885,325.8512035010941,1049.9048140043765,238,319,1046,250,334,1055,914,0.000877909071277827,2.8467993483573606,92.75147737012429,15,9,6,7,4,"[244, 326, 1050]",225.24709275102433,98.28259359190588,58.9695537600561,"[0.0001282172658161457, 6.192061751952685e-06]",mock
106,259.15278575531306,332.3842619184377,99.38770821367031,238,323,93,281,343,107,3482,0.002789416816085577,2.4186049330995245,332.35946057627876,20,14,38,7,8,"[276, 330, 101]",223.290525357867,129.9051796665285,90.93362053435334,"[0.001950490779891051, 5.5138211117362354e-05]",mock
107,252.193853427896,202.87470449172577,163.88179669030734,240,193,157,265,214,172,2961,0.003066273871809244,1.9892084272745354,193.23224452109227,21,15,20,12,8,"[260, 205, 165]",224.14631457176293,136.9232121868846,97.80228846074588,"[0.0016953367172871004, 3.0812455360106686e-05]",mock
108,247.17841601392516,625.8711923411662,440.89120974760664,240,619,437,256,633,446,1149,0.00048426134162582457,2.9670919525324915,123.66863649349908,14,9,6,7,4,"[246, 626, 441]",224.7577916273299,91.53115522131041,58.841455019396896,"[8.90294314770407e-05, 4.4572467478486115e-06]",mock
109,252.23946360153258,352.8595146871009,809.8856960408684,243,346,805,263,361,816,1566,0.0015100321033969522,2.2842625070904203,154.58579561687384,15,11,5,8,4,"[248, 354, 809]",224.14631457176293,97.80228846074588,71.72167610069683,"[0.0004326055701942588, 1.7622324433904443e-05]",mock
110,253.20247933884298,567.887839433294,1285.8996458087368,243,561,1281,265,576,1291,1694,0.0006143891368992627,3.353392646074013,170.04437517856124,15,10,4,7,4,"[247, 568, 1285]",224.0240390684539,97.74893570288698,65.16595483772471,"[0.00020489482952318377, 9.366288981844203e-06]",mock
111,253.17655268667133,675.8932309839497,970.8876482903,244,669,967,263,684,976,1433,0.0006452192319557071,2.1494591870178965,146.85650583603015,15,9,5,8,4,"[249, 677, 971]",224.0240390684539,97.74893570288698,58.64935903964969,"[0.00014862016725558582, 6.821984618366331e-06]",mock
112,253.17974452554745,160.88138686131387,794.9014598540145,246,154,791,261,169,800,1096,0.0005159753491170704,2.4117819108707392,115.93934671265538,15,9,6,7,4,"[252, 161, 795]",224.0240390684539,97.74893570288698,58.64935903964969,"[8.128542904620571e-05, 3.9194180870288315e-06]",mock
113,254.16543438077633,74.87430683918669,58.88354898336414,247,68,55,262,82,64,1082,0.0003498734440654516,2.9039141597818925,115.93934671265538,14,9,9,7,4,"[256, 75, 59]",223.90177019981903,91.18254603812275,58.617349123188234,"[8.316174052076543e-05, 4.1197219339690535e-06]",mock
114,264.2138069705094,511.4004691689008,1090.3753351206435,247,503,1086,282,521,1096,2984,0.0012026629410684109,1.446161325615251,270.5251423295292,18,10,30,7,4,"[277, 510, 1090]",222.6794463018056,116.59469891115756,64.77482863595239,"[0.0005454234342881014, 1.9667989543789862e-05]",mock
115,280.16985326811914,617.8743886171632,1262.875944864384,252,609,1257,310,627,1270,4498,0.0017198508139699697,2.571975330652341,448.29880728893414,18,13,52,7,4,"[304, 616, 1261]",220.7251066182953,115.57140892749119,83.46823613188081,"[0.0011138158897929821, 3.411759755749917e-05]",mock
116,261.1716489874638,167.40212150433945,92.38090646094503,255,161,88,269,175,97,1037,0.00037481653271242976,2.9676927292766826,108.21005693181168,14,9,5,6,4,"[260, 167, 92]",223.04607384491302,90.83406923864842,58.393328330792535,"[7.510640744803146e-05, 3.425746484841382e-06]",mock
117,267.13697219361484,418.3769309989701,1183.3887744593203,255,411,1179,280,426,1189,1942,0.0007546416600234807,2.6033050028443196,193.23224452109227,15,10,19,8,5,"[274, 419, 1184]",222.31287841733945,97.00230095262259,64.66819835509766,"[0.0002511945659736591, 1.0654797257677572e-05]",mock
118,265.1747572815534,418.38754045307445,1266.3576051779935,258,411,1262,273,427,1272,1236,0.0009848581394180655,1.8344164631570825,115.93934671265538,16,10,10,8,4,"[268, 419, 1266]",222.5572503789642,103.58285780725751,64.73928328098805,"[0.0002408806344863008, 1.004669217257556e-05]",mock
119,271.22627372627375,607.3926073926074,565.3866133866134,259,600,561,285,615,571,2002,0.0006211187574081123,2.364671162001102,200.96153430193598,15,10,20,8,5,"[279, 608, 566]",221.82421401521756,96.78908086507339,64.52605163507648,"[0.0002495350941996467, 1.0763297651120475e-05]",mock
120,284.2020639147803,321.89713715046605,1078.8808255659121,267,311,1073,302,334,1086,3004,0.004601125605404377,2.39224459487124,270.5251423295292,23,13,5,14,4,"[272, 325, 1077]",220.2367865882288,147.34787951679874,83.28357561816769,"[0.0024366865873963403, 6.150613873582199e-05]",mock
121,278.2116402116402,815.8631897203326,619.9062736205593,270,809,616,287,824,625,1323,0.00031318573746830225,2.3656524829723384,131.39792627434275,15,9,11,7,4,"[281, 816, 620]",220.96930635186797,96.41605699422384,57.84963184693325,"[6.652142226112457e-05, 3.2186431466614946e-06]",mock
122,292.20154000669567,295.8587211248745,50.81519919651824,272,289,47,313,304,56,2987,0.00018441957945469767,2.3895740121231888,316.9008810145914,15,9,6,6,4,"[278, 295, 51]",219.26046415585304,95.67043386092428,57.4022579851239,"[0.00011480114379746207, 5.8948130674653726e-06]",mock
123,284.22618276085547,602.8464031108231,306.8710304601426,275,596,303,295,611,312,1543,0.00047820660984143615,2.399581170049266,154.58579561687384,15,9,14,6,4,"[289, 602, 307]",220.2367865882288,96.09643492341928,57.657858612239515,"[0.00014711433803694203, 6.895931831181009e-06]",mock
124,287.1824175824176,325.8857142857143,957.8871794871795,279,319,954,296,334,963,1365,0.0007423501810990274,2.1168711900961923,131.39792627434275,15,9,4,6,4,"[283, 325, 958]",219.87061605616847,95.93666287420754,57.56199538660602,"[0.00017805248203771375, 8.265982300736494e-06]",mock
125,295.2484635645303,744.8906935908692,784.8669885864794,281,738,781,310,753,790,2278,0.00037952023558318615,1.9743000187269788,224.14940364446707,15,9,24,6,4,"[305, 744, 785]",218.89445238387015,95.51073108387041,57.30643632278344,"[0.00014368474389116778, 6.870842731191581e-06]",mock
126,290.18918918918916,831.8965062623599,828.9156229400132,281,825,825,300,840,834,1517,0.0006189232226461172,2.0198935111826635,146.85650583603015,15,9,13,6,4,"[294, 831, 829]",219.50450507123875,95.77691680733533,57.466147750375605,"[0.000140651286924877, 6.319308876059997e-06]",mock
127,298.19416758951644,212.38685861941676,113.38944259874492,282,206,108,316,220,120,2709,0.0012908896896988153,3.2883147903674907,262.7958525486855,14,12,5,6,7,"[287, 212, 115]",218.52850012029856,88.99431659284463,76.28084167507355,"[0.0007328113943649012, 2.4068532511429806e-05]",mock
128,289.1939393939394,231.93333333333334,891.9252525252525,284,225,887,296,240,898,990,0.0026318442542105913,2.324758949721416,92.75147737012429,15,11,5,7,5,"[289, 232, 892]",219.62653545076358,95.83016260975711,70.2754505190613,"[0.00037642334932460567, 1.3585766635043558e-05]",mock
129,294.1876996805112,72.89217252396166,1124.8769968051117,287,66,1120,303,81,1131,1252,0.0011373930610716343,2.5908472913926537,123.66863649349908,15,11,4,6,4,"[291, 72, 1124]",219.01644969510173,95.56396245752606,70.08023707981816,"[0.00024229602972657618, 9.74392035707358e-06]",mock
130,304.19652945924133,905.3950766747377,739.366424535916,288,899,735,321,913,745,2478,0.00042669393587857485,2.300200906233446,255.06656276784182,14,10,27,7,5,"[315, 906, 740]",217.7967740603454,88.69632589322028,63.354516779700305,"[0.00019163314584122346, 9.003378083644936e-06]",mock
131,298.18501872659175,892.387265917603,78.38651685393259,290,886,74,307,900,84,1335,0.00030442315619438887,2.8557695055880696,131.39792627434275,14,10,5,6,4,"[295, 892, 78]",218.52850012029856,88.99431659284463,63.5673672736686,"[8.73210373672241e-05, 3.811797601008217e-06]",mock
132,306.1648199445983,534.3564173591874,1038.3887349953832,292,528,1034,321,542,1044,2166,0.0003415206738281995,2.6096635926704312,224.14940364446707,14,10,4,6,5,"[296, 534, 1039]",217.55291823710405,88.59701718829345,63.28358199238757,"[0.00012389729662952686, 5.431089206642109e-06]",mock
133,307.20464656450815,106.37518536826495,602.387048937222,296,99,597,320,115,609,2023,0.00181856460403651,3.0244325765572238,185.50295474024858,16,12,5,8,4,"[301, 107, 601]",217.43100023495575,101.19699242274586,75.89774191945283,"[0.0006606839836479302, 2.072170493515487e-05]",mock
134,320.1813220133414,595.8399029714978,135.87537901758643,298,589,131,343,604,142,3298,0.000441062671598047,2.9057807993783267,347.81804013796614,15,11,40,7,4,"[338, 596, 135]",215.84666712120205,94.18088377411043,69.06597940839845,"[0.0002182784119068583, 9.670791474624918e-06]",mock
135,311.2157371379161,497.3735408560311,1295.3942931258107,299,489,1288,325,507,1304,2313,0.004058975726366043,2.8205903610709133,200.96153430193598,18,16,4,7,5,"[303, 496, 1293]",216.94339427698583,113.59130874704624,100.97005028302961,"[0.0019591778286976473, 4.501202471830362e-05]",mock
136,309.24840255591056,475.3809904153355,63.37460063897763,301,468,59,318,483,69,1252,0.0007798214792273939,2.4339568035429076,131.39792627434275,15,10,10,8,4,"[311, 476, 63]",217.18718404691913,94.76579467619673,63.17719422338158,"[0.00020707756583174578, 9.210328130201562e-06]",mock
137,322.1817006142903,626.8920142256709,1093.8910442935662,303,619,1088,342,635,1101,3093,0.00173726468347013,3.179406614516071,301.44230145290396,16,13,5,9,8,"[308, 628, 1096]",215.60302257411016,100.34621290513503,81.53129598475597,"[0.0008891973236257961, 2.6768670704032754e-05]",mock
138,309.110599078341,717.4320276497696,1251.3744239631337,304,710,1247,315,725,1257,868,0.0008042401168495417,2.4810700184352794,85.02218758928062,15,10,4,7,4,"[308, 717, 1251]",217.18718404691913,94.76579467619673,63.17719422338158,"[0.00011687586532750263, 5.425816614410301e-06]",mock
139,319.08255243195003,507.8705934850513,1275.8625613565373,305,501,1272,334,516,1281,2241,0.00024382471747230738,2.3505965663973654,224.14940364446707,15,9,5,7,4,"[310, 508, 1276]",215.96849929241793,94.23404309183474,56.540423558674156,"[0.00011519502095146571, 5.7775916939840005e-06]",mock
140,333.27768945416005,664.8781134075251,1412.8335983041866,309,656,1409,359,675,1418,3774,0.001383817521855235,2.287512100677638,386.46448904218454,19,9,45,11,4,"[354, 667, 1413]",214.2634491751944,118.42076565843789,56.09404246081758,"[0.0010126829675724959, 4.1927550233302254e-05]",mock
141,325.2197350388305,670.8675194152581,48.869346733668344,312,664,45,340,679,54,2189,0.00029183836886659265,2.341269432092364,216.42011386362336,15,9,22,6,4,"[334, 670, 49]",215.23760523377794,93.91513036871491,56.34907593257397,"[0.0001552153347559806, 7.5911566396835685e-06]",mock
142,331.1835921943449,768.9028275587416,220.88968538430905,314,763,217,349,776,226,2511,0.00020446146663744003,3.316086737266768,270.5251423295292,13,9,29,6,3,"[343, 769, 220]",214.50694862916833,81.11681047263606,56.157790471796496,"[0.00011205687600606177, 5.561663065699923e-06]",mock
143,322.26346313173156,75.86081193040596,524.9121789560895,315,69,521,331,84,530,1207,0.00046392471995204687,2.3938131823671944,123.66863649349908,15,9,8,7,4,"[323, 76, 525]",215.60302257411016,94.07457377600898,56.44474197306487,"[8.089132457495637e-05, 3.931262888094464e-06]",mock
144,335.2012718600954,159.37742448330684,964.420985691574,315,152,960,356,167,969,3145,0.00028989388374611735,2.237823286217092,316.9008810145914,15,9,5,6,4,"[320, 158, 964]",214.01997608786343,93.38383938052954,56.03030135260998,"[0.00013759626931933417, 6.286202741240175e-06]",mock
145,331.19151727153474,404.88981198076084,1419.9068648885002,316,398,1416,347,413,1425,2287,0.0003570651460904628,2.747906319509533,239.60798320615444,15,9,25,7,3,"[341, 405, 1419]",214.50694862916833,93.59632125447048,56.157790471796496,"[0.00016387885744609043, 7.649376580024858e-06]",mock
146,324.17105263157896,296.8755060728745,732.9028340080972,318,290,729,331,305,738,988,0.0006070520612411201,2.4513655096800537,100.48076715096799,15,9,4,7,4,"[322, 297, 733]",215.35940441722892,93.9682752928102,56.38096288573603,"[0.00010115744707036109, 4.881226719113703e-06]",mock
147,334.1923076923077,573.8666387959867,531.8959030100334,319,567,527,350,582,537,2392,0.0005353968590497971,2.5768801986458207,239.60798320615444,15,10,4,8,4,"[323, 575, 531]",214.1417093359665,93.43695553489944,62.291301493750325,"[0.0002253479607546254, 9.957717159346145e-06]",mock
148,327.21209912536443,872.8731778425656,200.90524781341108,319,866,197,337,881,206,1372,0.0004267253098078072,2.4053346590323623,139.12721605518644,15,9,12,7,4,"[331, 873, 201]",214.9940266541755,93.80884915436326,56.285307206552986,"[0.00013636551241174124, 6.400168021978949e-06]",mock
149,325.1655328798186,154.90702947845804,1044.9058956916099,320,148,1041,332,163,1050,882,0.0008259333553723991,2.3504510377657075,92.75147737012429,15,9,5,7,4,"[325, 155, 1045]",215.23760523377794,93.91513036871491,56.34907593257397,"[7.784928317317384e-05, 3.6584521524957483e-06]",mock
150,370.5009628203229,386.88075840616204,16.894089764479336,328,378,12,414,397,23,6751,0.0011245590867474675,1.9382893833474115,664.7189211525575,19,11,79,7,6,"[407, 385, 18]",209.76346065794155,115.93367750729206,67.11949296071721,"[0.0014406786441548876, 4.40779423529041e-05]",mock
151,340.22617283950615,643.4098765432099,1284.4,328,637,1280,354,651,1290,2025,0.0003217174962628633,2.2379728618421044,200.96153430193598,14,10,20,7,4,"[348, 644, 1284]",213.4114086954919,86.91041424581398,62.07886563752247,"[0.0001334035515770451, 5.9263519536700185e-06]",mock
152,341.15759312320915,830.3958930276982,714.3801337153773,328,824,710,355,838,720,2094,0.00042977623525075614,2.651040551574819,208.69082408277967,14,10,5,6,5,"[333, 830, 715]",213.2897149829015,86.86085526938909,62.04346636960605,"[0.00017043685877336413, 7.638634382042347e-06]",mock
153,340.1977920883165,640.4461821527138,1062.374425022999,333,634,1058,348,648,1067,1087,0.0004185694851912558,3.0392301129478674,115.93934671265538,14,9,7,6,4,"[340, 640, 1062]",213.4114086954919,86.91041424581398,55.870978774357056,"[6.22276083255137e-05, 2.9829284178392876e-06]",mock
154,348.12427983539095,729.3720164609053,628.4320987654321,333,723,624,365,737,633,2430,0.0001887404650915414,2.2818732309517538,247.33727298699816,14,9,5,7,4,"[338, 730, 628]",212.43804341144596,86.51401753691249,55.61615232690024,"[8.383803223841739e-05, 3.985828791600607e-06]",mock
155,340.2120038722168,154.42013552758954,305.36398838334947,334,148,301,348,162,310,1033,0.0003671828017104417,2.6064435625479687,108.21005693181168,14,9,5,6,4,"[339, 154, 305]",213.4114086954919,86.91041424581398,55.870978774357056,"[6.703069965203649e-05, 3.0112306872004593e-06]",mock
156,351.17241379310343,558.4038573933373,162.33489187609584,341,551,158,363,567,167,1711,0.0007461740751750767,2.11476745479741,170.04437517856124,16,9,5,8,4,"[346, 559, 162]",212.0731400746363,98.70333083143608,55.5206208522232,"[0.00023683707400186935, 1.0253800854180145e-05]",mock
157,347.2162698412698,95.37301587301587,90.37003968253968,342,88,85,354,104,96,1008,0.0021902048029005527,2.8084944756020223,92.75147737012429,16,11,6,7,6,"[348, 95, 91]",212.55969102360925,98.9297819476214,68.01422249919972,"[0.00043104099062141735, 1.5137555689206051e-05]",mock
158,352.1598258706468,95.39179104477611,824.363184079602,343,88,820,363,104,830,1608,0.0006997258169576526,2.2904144717189445,154.58579561687384,16,10,4,8,4,"[347, 96, 824]",211.9515187938134,98.64672571155629,61.65420085691934,"[0.00019012072277041055, 8.399031103471355e-06]",mock
159,367.2092147203709,649.8791654592872,134.88669950738915,347,640,128,388,661,143,3451,0.00397791201248765,2.47877212276709,316.9008810145914,21,15,5,13,9,"[352, 653, 137]",210.12798906232354,128.35990316304046,91.6856395306477,"[0.0024139584590821632, 5.318966113547352e-05]",mock
160,371.2009818962872,589.8784903344584,1402.8720466400737,355,582,1394,388,599,1412,3259,0.0031688197050243616,5.603911216806565,255.06656276784182,17,18,5,8,12,"[360, 590, 1406]",209.6419643343089,103.6700492521394,109.76828852705918,"[0.002470239518621579, 4.413778411241423e-05]",mock
161,389.3312302839117,200.37201442091032,110.38530869761153,360,193,105,420,209,117,4438,0.0011204506736248732,2.805072330764935,463.7573868506215,16,12,4,9,7,"[364, 202, 112]",207.4561536949548,96.55448758840419,72.41586340368897,"[0.0007824708371459614, 2.734087757342823e-05]",mock
162,376.1413502109705,241.3535864978903,696.3620253164557,361,235,692,393,249,702,2370,0.00025219671078957617,2.6937352102058014,247.33727298699816,14,10,26,6,5,"[387, 241, 697]",209.03458127587325,85.12797962131712,60.805698083069835,"[9.928742116355077e-05, 4.495445119513599e-06]",mock
163,374.161304938831,820.4032623470774,130.40824648844585,361,814,126,389,828,135,2207,0.0002502227434888482,2.4471277758196153,216.42011386362336,14,9,5,7,4,"[366, 821, 130]",209.27751478943554,85.22691272159959,54.78872782960895,"[0.00014493053990811185, 6.607362041488369e-06]",mock
164,377.18688118811883,742.3840759075907,543.3758250825083,363,735,537,393,751,550,2424,0.0017472956096753478,2.5497590094813276,231.87869342531076,16,13,5,8,8,"[368, 743, 545]",208.91312437239966,97.23259259848199,79.00147954767861,"[0.0008397411542551766, 2.7981649250231365e-05]",mock
165,376.1856659142212,470.38769751693,876.3814898419864,365,464,872,388,478,882,1772,0.0006151686538942158,3.0238529538407923,177.77366495940493,14,10,18,6,5,"[383, 470, 877]",209.03458127587325,85.12797962131712,60.805698083069835,"[0.00018181254623603527, 7.773316938488612e-06]",mock
166,387.1020030816641,221.42804314329737,1307.3682588597842,366,215,1303,410,229,1313,3245,0.0002371529844822362,2.5452716211499933,340.0887503571225,14,10,3,6,5,"[369, 221, 1308]",207.69891649863968,84.58403878988507,60.41716892828146,"[0.00011528003439539286, 5.178051119173358e-06]",mock
167,375.18220338983053,124.35508474576271,1175.3610169491526,368,117,1171,383,132,1181,1180,0.0008357620681636035,2.147600689010623,115.93934671265538,15,10,5,7,4,"[373, 124, 1175]",209.1560447480404,91.26154878271409,60.841030376758454,"[0.00016280368029633315, 6.919845991606405e-06]",mock
168,387.1769841269841,126.39146825396826,1350.3785714285714,369,117,1336,406,137,1365,5040,0.006017755717039108,7.019181348053894,285.9837218912166,20,29,32,8,9,"[401, 125, 1345]",207.69891649863968,120.83434808107715,175.20982651111942,"[0.005637453595093518, 4.716344592299166e-05]",mock
169,398.30508835426866,384.8605492867788,383.8722588886523,369,377,378,429,394,391,4697,0.0014783090446144342,2.466013032938945,463.7573868506215,17,13,5,6,4,"[374, 383, 382]",206.36404582462902,102.0490857469458,78.03753351814073,"[0.000880484537224224, 2.817797793823345e-05]",mock
170,379.1941533370105,744.3880308880309,1123.3516271373414,369,732,1113,390,758,1135,3626,0.004747855942696333,3.2580594144010186,162.31508539771752,26,22,16,9,9,"[385, 741, 1122]",208.67023026940316,157.819278571124,133.53938232846014,"[0.0034344704391150505, 2.9214510978704575e-05]",mock
171,392.2666999002991,24.8536889332004,1274.8574277168495,370,14,1268,416,37,1282,4012,0.0036771628074347973,2.2372220641257927,355.54732991880985,23,14,40,8,5,"[410, 22, 1273]",207.09205870138643,138.55349139047345,84.33689988166091,"[0.002529037052862535, 6.063833623322036e-05]",mock
172,376.216059602649,672.385761589404,343.4130794701987,370,665,339,384,681,349,1208,0.0016618692316114902,2.0372117010556337,108.21005693181168,16,10,8,7,4,"[378, 672, 343]",209.03458127587325,97.2891212136621,60.805698083069835,"[0.00038155629273229605, 1.4907966868543153e-05]",mock
173,387.2277108433735,735.4156626506024,1226.3658634538153,372,728,1222,404,744,1232,2490,0.0006507288780994713,2.271365554440756,247.33727298699816,16,10,26,8,5,"[398, 736, 1227]",207.69891649863968,96.66747453864807,60.41716892828146,"[0.0003065242381758823, 1.2548192820419922e-05]",mock
174,400.25379876796717,32.89753593429158,1346.8825462012321,374,24,1342,428,42,1353,4870,0.001147964270785451,1.322290138852421,417.38164816555934,18,11,5,7,4,"[379, 31, 1346]",206.12142732726042,107.92493944765617,65.95412588613421,"[0.0008231829745742139, 2.5544039735988037e-05]",mock
175,395.1718801448798,855.9163648337175,509.885742509055,376,850,504,415,863,517,3037,0.0013211751356720924,3.3703971610653936,301.44230145290396,13,13,33,6,4,"[409, 856, 508]",206.72802274939676,78.17517310236623,78.17517310236623,"[0.0006824846836514311, 2.17266052231663e-05]",mock
176,383.19717064544653,228.40671971706453,1231.3987621573829,377,222,1227,391,236,1237,1131,0.0011170177021995187,3.039646585498439,108.21005693181168,14,10,9,6,5,"[386, 228, 1232]",208.18452086429772,84.78179802326859,60.55842551973059,"[0.00021932670160955663, 9.339835516266967e-06]",mock
177,397.24477064220184,436.89871559633025,1166.8513761467889,382,429,1162,413,446,1173,2725,0.001274973270483315,1.5961989099403162,239.60798320615444,17,11,5,6,5,"[387, 435, 1167]",206.48536490852413,102.10907924797299,66.07057755911458,"[0.0005237495306961306, 1.9039359090581324e-05]",mock
178,390.21199671322927,192.85866885784716,1396.9030402629417,383,186,1393,399,201,1402,1217,0.00033962324960157275,2.1941486457986477,123.66863649349908,15,9,8,7,4,"[391, 193, 1397]",207.33478213603686,90.46687298497791,54.28012158636371,"[7.397850758486435e-05, 3.5992791172670156e-06]",mock
179,401.1785494775661,697.878918254456,237.8816840811309,388,688,230,415,709,247,3254,0.003728326875716448,3.029133164275892,208.69082408277967,21,17,22,12,6,"[410, 700, 236]",206.00012791272468,125.8383359039742,101.86912469777963,"[0.0022832640758857392, 3.559925922303394e-05]",mock
180,409.1927774827403,628.4062665958577,171.37519915029208,389,621,164,431,636,180,3766,0.0022263769060373306,4.028029000558779,324.63017079543505,15,16,4,7,10,"[393, 628, 174]",205.02996854586573,89.46120825198943,95.42528963648734,"[0.0012482725346172183, 2.995956915723142e-05]",mock
181,402.145285935085,39.8263781555899,51.85986604842864,390,33,48,415,48,57,1941,0.0003373746876604855,2.265852680934006,193.23224452109227,15,9,6,6,4,"[396, 39, 52]",205.87883505357954,89.83159617119615,53.89895551357597,"[0.00015619961597993352, 7.606304559396573e-06]",mock
182,398.17215568862275,95.8877245508982,718.8967065868263,390,89,715,407,104,724,1336,0.00037534322473220527,2.2746001454499214,131.39792627434275,15,9,11,7,4,"[401, 96, 719]",206.36404582462902,90.0433093277792,54.02598340236647,"[7.456673333610379e-05, 3.4097243378308197e-06]",mock
183,398.1718931475029,902.8885017421603,326.8931475029036,393,896,323,404,911,332,861,0.0006287915166467428,2.5482892820004666,85.02218758928062,15,9,5,7,4,"[398, 903, 327]",206.36404582462902,90.0433093277792,54.02598340236647,"[8.31888956524543e-05, 4.159792966253693e-06]",mock
184,410.20556414219476,180.38485316846987,388.3697836166924,394,174,384,427,188,394,2588,0.0002448185405228287,2.3370858320434404,255.06656276784182,14,10,4,7,4,"[398, 181, 388]",204.90872811071864,83.44775263676715,59.605535983745334,"[0.00010328657230265764, 4.900571421169917e-06]",mock
185,401.2170731707317,724.8743902439024,330.8792682926829,396,718,327,407,733,336,820,0.0006777391536161304,2.4876518896156377,85.02218758928062,15,9,4,7,4,"[400, 725, 331]",206.00012791272468,89.8845201696166,53.930709911338504,"[0.00010167871935812058, 4.926092060477201e-06]",mock
186,417.2821992709599,632.4018833535845,45.37484811664642,397,625,40,439,641,52,3292,0.0009172151912935078,2.4167699497395363,324.63017079543505,16,12,37,8,4,"[434, 633, 44]",204.06022845203995,94.97395205895297,71.23046179404734,"[0.0006384868093844555, 2.5291378808354807e-05]",mock
187,413.1994750656168,806.3635170603675,250.3867016622922,399,800,246,428,814,256,2286,0.0006152518908493221,2.7431290684670917,224.14940364446707,14,10,4,6,3,"[403, 806, 249]",204.5450461068125,83.29964549569893,59.499745171561116,"[0.000294130924050961, 1.2385349029570858e-05]",mock
188,411.1736035049288,32.39485213581599,620.3800657174152,400,25,616,423,41,626,1826,0.0005374325555749238,2.09576260045962,177.77366495940493,16,10,5,8,4,"[405, 33, 620]",204.78749422618066,95.31243695280669,59.5702704743944,"[0.00017554343587290375, 7.745181921641211e-06]",mock
189,411.17452541334967,829.4072259644826,61.345988977342316,401,823,57,422,837,66,1633,0.00023479187802877277,2.2894673673555848,162.31508539771752,14,9,6,7,4,"[407, 830, 61]",204.78749422618066,83.39838092233899,53.61324313964102,"[8.849822448703056e-05, 4.111619236088869e-06]",mock
190,418.12763915547026,700.3833973128599,1391.4198656429942,405,694,1388,433,708,1396,2084,0.00017374235903844237,2.4143263016161716,216.42011386362336,14,8,5,7,3,"[410, 701, 1391]",203.93904040691015,83.05285359860318,47.45877171797751,"[9.032910897862924e-05, 4.320555639129417e-06]",mock
191,414.1723700887199,31.396704689480355,860.4119138149556,406,24,856,424,40,866,1578,0.0013038787292316556,1.8363358365575164,139.12721605518644,16,10,4,6,4,"[410, 30, 860]",204.42383187092008,95.14318079076001,59.46448537776979,"[0.0003598429910988653, 1.3315250394550694e-05]",mock
192,427.1863914866172,566.8661722025154,793.8668171557562,407,560,790,448,575,799,3101,0.0002432655601296574,2.335176842475432,316.9008810145914,15,9,35,8,4,"[442, 568, 794]",202.8486425235102,88.50942513981586,53.10565292696831,"[0.00010977346961823657, 5.081762433892854e-06]",mock
193,431.26961053209,29.923203510696656,1482.8768513439386,408,23,1477,456,37,1489,3646,0.0008802973898127675,3.4585493741033138,371.00590948049717,14,12,42,7,4,"[450, 30, 1481]",202.3641913463814,82.4115065166368,70.63843312107988,"[0.0005618983216906229, 1.9807465313679442e-05]",mock
194,428.11073825503354,28.878523489932885,1245.838255033557,410,21,1242,448,37,1251,2980,0.0005672146216966212,2.3922445948712405,293.7130116720603,16,9,4,7,4,"[414, 28, 1246]",202.7275199181633,94.35368128220674,53.07394310154802,"[0.0002931728647639057, 1.2953283757863492e-05]",mock
195,428.1839622641509,537.9234800838575,560.9030398322851,416,531,557,441,545,566,1908,0.0002101530262734741,3.262979011594125,193.23224452109227,14,9,20,7,3,"[436, 538, 560]",202.7275199181633,82.55946972476109,53.07394310154802,"[7.44751009756069e-05, 3.65484852570449e-06]",mock
196,438.1734900689096,416.84069720308065,469.88042156465343,424,410,463,453,425,477,2467,0.0020699389278888702,3.8562617425229004,224.14940364446707,15,14,5,7,5,"[429, 417, 468]",201.51665353575015,87.92823525294965,82.06635223148773,"[0.0008187285721686733, 2.2095464402404937e-05]",mock
197,438.16656891495603,365.89032258064515,334.8797653958944,428,359,330,450,374,340,1705,0.0004532459715846926,2.787006056455069,170.04437517856124,15,10,5,7,5,"[433, 366, 335]",201.51665353575015,87.92823525294965,58.61882143526313,"[0.0001278925069259548, 5.929182357385788e-06]",mock
198,444.204003407155,321.3756388415673,1383.3756388415673,430,314,1379,459,330,1389,2348,0.000748850405216217,2.588409785371658,224.14940364446707,16,10,5,8,5,"[435, 322, 1384]",200.79044745700887,93.45212673404237,58.40757663882557,"[0.00034032219526850465, 1.4228518994051358e-05]",mock
199,460.2156398104265,294.8890205371248,794.8862559241707,439,287,784,483,304,807,5064,0.004091635346412659,5.873987714926735,340.0887503571225,17,23,4,8,7,"[443, 295, 791]",198.85504733975966,98.33581085356965,133.04257663143855,"[0.003380669954045375, 4.0337346249812524e-05]",mock
200,456.1099518459069,791.3559390048154,543.359951845907,441,784,539,473,800,549,2492,0.0006788783357478678,2.3592467953787186,247.33727298699816,16,10,4,7,5,"[445, 791, 544]",199.33874070527952,92.77647166647584,57.98529224017714,"[0.0002762005443584561, 1.1813447592345691e-05]",mock
201,456.21454058876003,470.35414808206957,1275.3813559322034,442,464,1271,472,478,1281,2242,0.0004625450528692454,2.648863397183713,231.87869342531076,14,10,23,7,5,"[465, 471, 1276]",199.33874070527952,81.17941133435156,57.98529224017714,"[0.00021417104243202575, 9.269881583451829e-06]",mock
202,452.21238425925924,589.3645833333334,1388.3680555555557,444,581,1382,462,598,1396,1728,0.002533621620386839,3.5094718404417655,139.12721605518644,17,14,4,8,5,"[448, 589, 1387]",199.82253849078103,98.81424490944146,81.37643484966482,"[0.0009959913599919112, 2.5563567764623225e-05]",mock
203,454.1573292402149,188.41212586339216,145.37682271680737,446,182,141,463,196,151,1303,0.00042042817221954465,2.933339202792806,131.39792627434275,14,10,12,6,4,"[458, 188, 145]",199.58062654341956,81.2779177756025,58.055653982022626,"[0.00010304259612696532, 4.566681472699685e-06]",mock
204,455.2345331833521,520.3908886389202,1209.3706411698538,446,512,1205,466,530,1215,1778,0.0024747818242758512,1.820755538101531,154.58579561687384,18,10,15,10,5,"[461, 522, 1210]",199.459680360961,104.43685648958522,58.02047216181858,"[0.0008674005877684264, 3.2466027799135454e-05]",mock
205,458.1558796718323,879.8865086599818,1258.8792160437556,446,872,1253,472,888,1266,2194,0.0016778036952018738,3.020678077759105,200.96153430193598,16,13,20,7,4,"[466, 879, 1257]",199.09688097213495,92.66390502438732,75.28942098481554,"[0.0006656697657605904, 2.1293595620223743e-05]",mock
206,456.1332046332046,823.4285714285714,334.36969111969114,450,817,330,463,831,340,1036,0.0005652036052197218,2.61871866524595,100.48076715096799,14,10,8,6,5,"[458, 823, 335]",199.33874070527952,81.17941133435156,57.98529224017714,"[0.00010289573243977498, 4.70022397372088e-06]",mock
207,463.1651376146789,25.883556810162315,453.8877911079746,455,19,450,473,34,459,1417,0.0003507595683913678,2.530274750236018,139.12721605518644,15,9,8,7,4,"[463, 26, 454]",198.49234582089665,86.60863195682913,51.96517706349745,"[8.56045332788364e-05, 4.059345136066441e-06]",mock
208,467.22919418758255,207.88573315719947,447.9002642007926,458,201,444,477,216,453,1514,0.00039286419632844627,2.083608858538815,146.85650583603015,15,9,5,7,4,"[463, 208, 448]",198.0088351090146,86.39766059105989,51.83859424917715,"[9.370194866961932e-05, 4.413232174022001e-06]",mock
209,473.2855486862442,381.85278207109735,655.8817619783616,458,375,650,490,390,662,2588,0.0010085778776556253,3.899035096547631,247.33727298699816,15,12,26,7,7,"[484, 382, 657]",197.28376464387674,86.08128889018556,68.86502953883667,"[0.0004000688058203363, 1.4884793398588365e-05]",mock
210,469.1394538059268,765.8791400348634,1342.9151656013946,459,758,1338,480,774,1348,1721,0.0010939929634332657,2.117469744579487,162.31508539771752,16,10,6,9,5,"[465, 767, 1343]",197.76711887783173,92.04500558302044,57.52812595813296,"[0.00038200597322855004, 1.6360673574660362e-05]",mock
211,476.1356608478803,411.3521197007481,1174.3511221945137,464,405,1170,490,419,1180,2005,0.0003330592589918524,2.627446820585779,200.96153430193598,14,10,4,7,4,"[468, 412, 1174]",196.92131740165772,80.19493134797445,57.282092268948404,"[0.00010309677327701293, 4.655754620943369e-06]",mock
212,495.2673313239045,868.8567122652446,1143.8887085555298,470,860,1137,521,878,1152,4313,0.0024994846899062395,2.948899804985432,394.19377882302825,18,15,46,11,9,"[516, 871, 1146]",194.62717939383342,101.90656460765528,84.92213480174252,"[0.001539822233252138, 3.7720526746757064e-05]",mock
213,483.18374060150376,596.3580827067669,364.38345864661653,472,588,360,496,605,370,2128,0.0013499566121026874,1.5461091850823634,185.50295474024858,17,10,4,7,4,"[476, 595, 364]",196.0758351945308,96.9614626361557,57.0361514513699,"[0.0005527712315659469, 2.0045013847802478e-05]",mock
214,490.1981465136805,262.91394527802294,712.8848190644308,476,256,709,505,270,718,2266,0.00022807897767052054,3.0304890958604362,224.14940364446707,14,9,4,7,3,"[480, 263, 712]",195.23067207570944,79.50642698675462,51.11127283363384,"[0.00010042796147008265, 4.8820800785800975e-06]",mock
215,498.2261677137394,366.8877355913685,1192.891286533734,476,358,1188,521,376,1199,3661,0.0013707629404962063,2.2949061045892782,347.81804013796614,18,11,40,11,4,"[516, 369, 1192]",194.2651618571886,101.71701264681353,62.160393058391826,"[0.0007775782637330161, 2.8884646585462858e-05]",mock
216,491.1651053864169,768.8825136612022,336.92271662763466,477,761,333,507,778,342,2562,0.001255964394658804,1.7534106957899447,231.87869342531076,17,9,24,6,4,"[501, 767, 337]",195.1099605247993,96.48382794645788,51.07967062201851,"[0.0006132489633666231, 2.4575748603261213e-05]",mock
217,487.2098765432099,762.3871252204585,1192.347442680776,480,756,1188,495,770,1197,1134,0.0004200224357191473,2.5173130352081285,115.93934671265538,14,9,8,6,4,"[488, 762, 1192]",195.5928457804685,79.65391988276218,51.206089692277494,"[9.035765944049551e-05, 4.429570904814493e-06]",mock
218,505.2842748091603,762.8662595419847,1097.8708396946565,485,756,1094,527,771,1103,3275,0.0001914393506012857,2.125541037180492,324.63017079543505,15,9,6,8,4,"[491, 764, 1098]",193.42068189104273,84.39570090957461,50.63741848907253,"[0.00011592403798854281, 5.469730272501826e-06]",mock
219,497.17348484848486,533.8583333333333,754.8765151515152,489,527,750,506,542,760,1320,0.0007430374389514327,2.6985587718451516,131.39792627434275,15,10,5,7,4,"[494, 534, 754]",194.38582786459077,84.81682532151069,56.54454822076908,"[0.00014551772595001552, 6.619241000840342e-06]",mock
220,515.7052341597796,299.35612321562735,753.3576258452291,490,292,749,542,308,759,3993,0.000658804492559284,2.195071896120056,401.92306860387197,16,10,5,6,5,"[495, 298, 754]",192.21483443144632,89.46085481131523,55.91303179688183,"[0.0003847694102266515, 1.6023854889044933e-05]",mock
221,502.15285943345805,778.8679850347407,277.8556921432389,491,772,273,515,787,283,1871,0.0005313215660862625,3.1205406816882295,185.50295474024858,15,10,4,7,4,"[495, 779, 277]",193.78256286343333,84.55360128512983,56.36906553603545,"[0.00019311231060630657, 8.71428947831516e-06]",mock
222,524.7036349574632,59.867130703789634,1485.8671307037896,492,51,1478,558,70,1495,6465,0.0025003417395055294,2.8388668708041758,510.13312553568363,19,17,61,11,5,"[553, 62, 1483]",191.13012707064334,105.63526385498163,94.51576047715237,"[0.0027603470874279527, 5.485893242146936e-05]",mock
223,508.6476370510397,755.3671077504725,1420.3625708884688,495,745,1415,523,766,1427,2645,0.0034165538381785154,1.7761553385061382,216.42011386362336,21,12,5,13,6,"[500, 758, 1421]",193.0588594225363,117.9329636705075,67.39025930930666,"[0.0020957493454321257, 5.97245110016203e-05]",mock
224,516.5846390168971,677.3382488479263,70.39508448540707,499,669,65,536,686,76,3255,0.001224866951815784,1.6456352270613803,285.9837218912166,17,11,4,7,6,"[503, 676, 71]",192.09428541763737,94.99254642808124,61.465762423265865,"[0.0006903169362764331, 2.288532641594261e-05]",mock
225,515.7492592592592,799.3759259259259,448.3696296296296,499,793,443,534,807,455,2700,0.0007983031682670116,2.611839589488046,270.5251423295292,14,12,29,7,4,"[528, 800, 447]",192.21483443144632,78.27824663518298,67.09563898893794,"[0.00040498666938855763, 1.5483643877984906e-05]",mock
226,533.7348238820884,238.8778416187859,44.87371971021734,503,229,32,566,249,59,8006,0.003879725467413664,6.798365749092185,486.94525619315255,20,27,5,8,8,"[508, 237, 40]",190.0459454369159,110.56426441431194,149.26177081014367,"[0.006456456864968947, 6.231141325935139e-05]",mock
227,511.6832740213523,245.37366548042704,729.3800711743772,503,238,725,521,253,735,1405,0.000640947837382555,3.039646585498439,139.12721605518644,15,10,6,7,4,"[509, 245, 729]",192.69709544372756,84.07997673368615,56.05331584620527,"[0.0001456210810812751, 6.316534920535083e-06]",mock
228,531.7116549551732,184.85098134237944,734.8567967046281,505,178,730,559,193,741,4127,0.0006907561328262091,3.186331023985798,417.38164816555934,15,11,49,6,6,"[554, 184, 736]",190.28682927522536,83.02829962924928,60.88741794207304,"[0.0003345676913909392, 1.2499622184533309e-05]",mock
229,520.6736227045075,9.333889816360601,1063.3848080133555,514,2,1059,528,18,1069,1198,0.0016266587190330029,1.9483234291894844,108.21005693181168,16,10,5,8,4,"[519, 10, 1063]",191.6121543036962,89.180354715858,55.737719244934866,"[0.0003059891437634845, 1.2378604517160492e-05]",mock
230,525.6766081871345,481.8695906432749,848.8631578947368,517,474,844,536,491,855,1710,0.00135512906126678,1.5256903524226315,146.85650583603015,17,11,5,7,5,"[522, 481, 849]",191.00963648983478,94.45617667919231,61.11869966101858,"[0.0003649714639442681, 1.3051540476249402e-05]",mock
231,541.6459942084942,313.3682432432432,1075.3706563706564,518,304,1070,567,323,1082,4144,0.0018818011740222573,2.2486140231761325,378.7351992613409,19,12,43,12,4,"[561, 316, 1074]",189.0826694713669,104.50365929296765,66.00230709269326,"[0.001164938419827904, 3.570752122803261e-05]",mock
232,527.6502293577981,739.8772935779816,935.8870412844037,518,733,929,539,748,943,1744,0.0025399380829185247,2.725530749028722,162.31508539771752,15,14,15,7,5,"[533, 740, 934]",190.76867479749203,83.23854441891837,77.68930748886078,"[0.000762580465979533, 2.3553854815389266e-05]",mock
233,526.6723625557206,292.8558692421991,429.8922734026746,519,286,425,535,301,435,1346,0.0006131904665380716,2.109890655381354,123.66863649349908,15,10,4,6,5,"[523, 292, 430]",190.88915239895934,83.29111269403937,55.52740650498255,"[0.00013157584261759155, 6.1975849333630934e-06]",mock
234,528.6439066551426,655.8772687986171,1156.8530682800347,522,649,1152,537,664,1162,1157,0.0009958130540326238,2.716326269308757,115.93934671265538,15,10,8,7,5,"[530, 656, 1157]",190.64820368490976,83.18597897510784,55.457317361499314,"[0.00020546501727783351, 9.246511653135647e-06]",mock
235,537.6891623660183,264.34497816593887,448.3521238586741,523,257,444,553,273,454,2519,0.0005838735960423946,2.5269073662272343,231.87869342531076,16,10,26,6,5,"[549, 263, 449]",189.56425558498276,88.22721928026579,55.14200962390114,"[0.00023048575454721995, 9.54959078721036e-06]",mock
236,528.7114164904863,837.8784355179704,323.8784355179704,523,831,319,535,846,330,946,0.0018990053795278072,2.2167946279657293,92.75147737012429,15,11,6,7,5,"[529, 838, 324]",190.64820368490976,83.18597897510784,61.00304945897745,"[0.00025668558884891726, 1.0818415126989596e-05]",mock
237,561.6327193932827,375.8794304287262,465.8622504256307,528,368,456,596,384,476,6461,0.00247447332367301,4.275825469761741,525.591705097371,16,20,62,9,13,"[590, 377, 469]",186.67629380573197,86.88310070482707,108.60388029205237,"[0.0023211044978327135, 3.762796101272025e-05]",mock
238,535.6819383259912,481.8687224669604,763.8484581497797,529,475,759,543,490,769,1135,0.001153535326011479,2.1352879303072414,108.21005693181168,15,10,5,7,5,"[534, 482, 764]",189.80508754156472,82.81810012590668,55.21206480401199,"[0.00019548730783618853, 8.701204575054417e-06]",mock
239,540.6898203592814,123.38562874251497,537.3580838323353,530,117,533,552,131,543,1670,0.00045804629917256534,3.039646585498439,170.04437517856124,14,10,6,7,5,"[536, 124, 538]",189.20305627613635,77.05171948420029,55.036940998473355,"[0.00011904285660083962, 5.3331086358431255e-06]",mock
240,537.7104885057471,839.3972701149426,301.35775862068965,531,832,296,546,848,308,1392,0.002492504892870784,2.2911235495107714,115.93934671265538,16,12,10,8,4,"[541, 840, 300]",189.56425558498276,88.22721928026579,66.1704123698787,"[0.0006273988039475187, 2.0532597796685674e-05]",mock
241,541.7318652849741,733.4002590673575,1071.3775906735752,532,726,1067,552,741,1077,1544,0.0006642242078669369,2.942320090498019,154.58579561687384,15,10,6,8,4,"[538, 734, 1071]",189.0826694713669,82.50288575075298,55.00192189465179,"[0.00017497712649316947, 7.587892859549515e-06]",mock
242,548.6920770877945,6.395289079229122,1342.3708779443255,534,0,1338,564,14,1348,2335,0.0003120413748547435,2.6777656490459174,231.87869342531076,14,10,5,6,4,"[539, 6, 1342]",188.24014329208146,76.65957940678629,54.75684095076193,"[0.00013435747296702103, 6.135489461055221e-06]",mock
243,545.6673336668334,251.3791895947974,104.37218609304652,534,245,99,559,259,111,1999,0.0009233325254172087,3.1122213658305866,193.23224452109227,14,12,19,6,4,"[553, 251, 103]",188.60118706255736,76.80661214437391,65.83423801531654,"[0.00041368760945412224, 1.6548018820507803e-05]",mock
244,545.6726572528884,491.38125802310657,194.38510911424905,541,484,190,551,499,200,779,0.0015627130633220077,2.5005322608576432,77.29289780843692,15,10,5,7,4,"[546, 491, 194]",188.60118706255736,82.2927993992324,54.861864331909366,"[0.00017367079468353735, 7.483366363489135e-06]",mock
245,548.7141791044776,570.3776119402985,1382.3388059701492,541,563,1377,558,578,1388,1340,0.0015969023806974292,2.6386457538383934,131.39792627434275,15,11,5,8,6,"[546, 571, 1383]",188.24014329208146,82.13526432195708,60.23252540260242,"[0.00048629653922709846, 1.8204912861526e-05]",mock
246,551.6860043509789,37.849166062364034,426.8839738941262,543,31,423,561,46,432,1379,0.0005269606481306255,2.7177919427494737,139.12721605518644,15,9,8,7,4,"[551, 38, 427]",187.87915782259356,81.97775468328895,49.186650812225025,"[0.00012251862714335448, 5.762328237239596e-06]",mock
247,555.6978139734248,569.8624089155594,997.8714102014574,543,561,993,569,579,1004,2333,0.00205126847140491,1.7806061897217926,200.96153430193598,18,11,20,7,4,"[563, 568, 997]",187.39793452929908,98.1213404105688,59.963037928722464,"[0.0007414413888400071, 2.5521191352173176e-05]",mock
248,551.6970546984572,314.8408134642356,861.8478260869565,544,307,857,560,323,868,1426,0.001233284710906446,1.7688930867525325,123.66863649349908,16,11,4,9,5,"[548, 316, 862]",187.87915782259356,87.44293909341195,60.11701833763402,"[0.00029109141713286015, 1.1930334249783062e-05]",mock
249,549.6490335707019,495.3916581892167,341.3652085452696,544,488,337,557,503,347,983,0.0009009092464111745,2.730629631096661,100.48076715096799,15,10,7,7,4,"[551, 495, 341]",188.1198083250623,82.08275828286024,54.72183692593148,"[0.00013978680781127139, 6.359359959001159e-06]",mock
250,559.6840670042851,596.8753408648228,880.873782625633,545,589,875,575,606,887,2567,0.001549727632664144,2.441167919867078,231.87869342531076,17,12,5,7,7,"[550, 596, 882]",186.9168148236449,92.43223540836208,65.24628114924352,"[0.0006645274472257937, 2.3744439182531713e-05]",mock
251,554.7189760712298,452.85642737896495,58.87367835281024,546,445,54,565,462,65,1797,0.0015282073291018605,1.4445838746652768,146.85650583603015,17,11,13,9,5,"[559, 454, 59]",187.51823063997466,92.72964154791005,60.00152992312591,"[0.0005723755228765218, 2.015890533413199e-05]",mock
252,559.6573482428115,714.8801916932907,1322.870607028754,549,706,1317,572,725,1330,2504,0.0027187142986804247,1.1171037288460421,177.77366495940493,19,13,17,7,6,"[566, 713, 1323]",186.9168148236449,103.30661814257334,70.6834717434263,"[0.001301236995285583, 3.2905197197724e-05]",mock
253,561.7297457125961,118.81785925487877,631.8900059136605,551,112,628,573,126,637,1691,0.00036033036303706467,3.042016853193459,170.04437517856124,14,9,5,7,3,"[556, 119, 631]",186.67629380573197,76.0227118301767,48.871741734189726,"[0.0001004357298555507, 4.5434468383125105e-06]",mock
254,567.7166347992352,367.35602294455066,1424.3586998087953,551,361,1420,585,375,1430,2615,0.0004551470628939569,2.7354745738008575,262.7958525486855,14,10,27,7,5,"[578, 368, 1425]",185.95488604149998,75.72892318966868,54.09208652796326,"[0.00023467905557200385, 1.0394421230516116e-05]",mock
255,566.6992967651196,732.3541490857947,1080.3552742616034,552,722,1072,582,743,1090,3555,0.004098027944564819,2.950964619051187,231.87869342531076,21,18,25,13,6,"[577, 735, 1078]",186.07510449592786,113.66682991986286,97.42870814471291,"[0.0024362356213295557, 3.948061519064879e-05]",mock
256,569.735835694051,491.35198300283287,1460.354461756374,553,484,1455,588,500,1466,2824,0.0007842577178962529,2.542640468234229,270.5251423295292,16,11,4,8,4,"[557, 492, 1459]",185.71446853600153,86.43544685405263,59.42436744944868,"[0.0005258539753095704, 2.1004080767487554e-05]",mock
257,572.7139764996908,342.36209029066174,1312.3651824366111,555,334,1308,592,351,1318,3234,0.0009687697747722268,1.548123178929602,285.9837218912166,17,10,30,10,4,"[585, 344, 1312]",185.3538907783163,91.65935382775359,53.91726408327755,"[0.0005685078574398807, 2.0572816425093623e-05]",mock
258,562.6574733096086,49.84964412811388,986.873665480427,556,43,982,571,58,992,1124,0.0008170080836862326,2.6446409314293247,115.93934671265538,15,10,7,7,5,"[563, 50, 987]",186.556043003675,81.40043688337872,54.26695600898137,"[0.0001245160462088201, 5.796864373080027e-06]",mock
259,566.6704730831974,672.399673735726,786.3550842849374,556,666,782,579,680,792,1839,0.0004636177036445588,2.8498719800353216,177.77366495940493,14,10,4,6,5,"[560, 672, 787]",186.07510449592786,75.77788137675992,54.12705666065297,"[0.0001430296563148831, 6.401204463289778e-06]",mock
260,569.7067164179105,270.3723880597015,294.37462686567164,562,263,290,578,279,300,1340,0.0013885172083973885,1.9483234291894844,123.66863649349908,16,10,5,8,4,"[567, 271, 294]",185.71446853600153,86.43544685405263,54.02215190679199,"[0.00033116448320341115, 1.2591530684216503e-05]",mock
261,574.6800723000451,333.36737460460915,312.35065521915953,562,326,308,589,341,318,2213,0.0003531675029080361,2.205887968730316,208.69082408277967,15,10,5,7,4,"[567, 333, 312]",185.1135379341476,80.77102525470417,53.84734827132564,"[0.00013665698002094214, 6.058534402684048e-06]",mock
262,574.6886877828055,804.3760180995475,476.38325791855203,562,797,472,589,813,482,2210,0.0007712762453593314,2.4313016435087467,208.69082408277967,16,10,5,6,5,"[567, 803, 477]",185.1135379341476,86.15576102500022,53.84734827132564,"[0.0003312504339206194, 1.3296519445682292e-05]",mock
263,578.6754250386399,664.3400309119011,1411.3674652241114,563,658,1407,595,672,1417,2588,0.0002661647158674896,2.4196392188993245,247.33727298699816,14,10,4,6,5,"[567, 664, 1412]",184.6329098133198,75.19055693119843,53.70753921089694,"[0.00017348226152133126, 8.20348054508809e-06]",mock
264,571.7258601553829,539.3706992230855,338.338512763596,566,532,334,578,547,344,901,0.0008155678515322506,2.3317401044274644,92.75147737012429,15,10,7,7,4,"[573, 539, 338]",185.47407689816612,80.92834006859101,53.95222481021928,"[0.00011623118379223564, 5.648353721176268e-06]",mock
265,579.6877843892195,599.3720686034302,233.3423171158558,570,589,225,590,611,242,2857,0.0040121180936694145,2.0166527932902,154.58579561687384,22,17,15,8,7,"[585, 597, 232]",184.51276893996985,118.07971440941245,91.24341066157827,"[0.002205456245941263, 2.6794720404624045e-05]",mock
266,581.6940154440155,505.8667953667954,131.87065637065638,576,498,127,588,514,138,1036,0.00230331695638597,2.7837670824020657,92.75147737012429,16,11,4,8,4,"[580, 506, 131]",184.2725065778449,85.76432721979725,58.962972718466716,"[0.0004372390116821271, 1.6162449632720788e-05]",mock
267,592.7303189341945,726.8841340331046,560.8631408962455,578,720,556,609,735,567,2477,0.0009482190362177789,3.262979011594125,239.60798320615444,15,11,25,7,6,"[603, 727, 562]",182.95152541137975,79.82766924721655,58.540289064098616,"[0.0004218774884738555, 1.7333964833425812e-05]",mock
268,595.7556099551203,166.34026927784578,604.3529171766626,581,160,600,612,174,610,2451,0.0003064462507609278,2.8489246488402102,239.60798320615444,14,10,25,7,5,"[606, 167, 605]",182.5913934031591,74.35916259299853,53.11368612826255,"[0.00013297832928403942, 5.732468792796896e-06]",mock
269,605.6407216494846,52.35489690721649,279.3716494845361,583,44,274,630,61,285,3880,0.000992201967164874,2.271365554440756,363.2766196996535,17,11,4,10,6,"[587, 54, 280]",181.39137276561578,89.69984901752355,58.04107602577181,"[0.0006042590968619217, 2.2447115764474318e-05]",mock
270,605.7708006279435,111.34353741496598,1443.3783359497645,583,103,1439,630,120,1449,3822,0.0009710962767712772,2.300200906233446,363.2766196996535,17,10,4,10,5,"[587, 113, 1444]",181.39137276561578,89.69984901752355,52.764614256352466,"[0.0005752084997285882, 2.2601748573741323e-05]",mock
271,604.6627608934456,613.3343097766386,22.34602709630172,588,606,18,622,621,28,2731,0.00035144799039699137,2.45324971026417,262.7958525486855,15,10,29,7,5,"[617, 613, 23]",181.51134580405105,79.1992722929309,52.799513000419964,"[0.0002365364300076189, 1.041971253300271e-05]",mock
272,603.6469112574475,8.370649106302917,265.3493258074632,589,0,258,619,18,273,3189,0.002484051277860999,3.591733824893321,231.87869342531076,18,15,24,7,9,"[613, 7, 267]",181.63132529117036,95.10195052513389,79.25162322464723,"[0.0014072552557187438, 2.8369756904410922e-05]",mock
273,604.6990489130435,456.36005434782606,93.37228260869566,597,449,89,614,465,99,1472,0.0011665279744192958,1.8934155813715758,131.39792627434275,16,10,11,7,4,"[608, 456, 93]",181.51134580405105,84.47922451778301,52.799513000419964,"[0.00035931058467941095, 1.4967262241393359e-05]",mock
274,611.6878834355829,226.85122699386503,1172.8784509202453,600,218,1166,625,236,1181,2608,0.0028653359040617943,3.0563493535623705,193.23224452109227,18,15,4,10,5,"[604, 228, 1171]",180.6716699282592,94.59947609403865,78.83289454376015,"[0.0012189492924599959, 2.6496724743357394e-05]",mock
275,613.6993006993007,802.8671328671329,1474.8977272727273,600,796,1471,628,811,1480,2288,0.000289169984171167,2.1168711900961923,216.42011386362336,15,9,23,6,4,"[623, 802, 1475]",180.43182054838468,78.72824049989403,47.23694238137677,"[0.00012844204434944636, 6.151418300705455e-06]",mock
276,618.7365867579908,725.871289954338,281.835901826484,602,716,276,636,736,289,3504,0.0022927892860025167,1.5022622730314046,262.7958525486855,20,13,28,12,5,"[630, 728, 281]",179.83230985973265,104.62221128610162,68.00443290518524,"[0.001519812423486091, 3.696601247000739e-05]",mock
277,609.6545253863135,58.86423841059602,760.8896247240618,604,52,757,616,67,766,906,0.0008967460598796606,2.617522948776242,92.75147737012429,15,9,6,7,4,"[610, 59, 761]",180.91154508831784,78.9375598363546,47.36253397815212,"[8.979040635590061e-05, 4.18450928035601e-06]",mock
278,620.6741686261337,231.8444743029896,1324.8700033590862,604,225,1319,639,240,1332,2977,0.0014531188644468784,4.289639322342483,270.5251423295292,15,13,29,7,4,"[633, 232, 1323]",179.59255067778122,78.36203990392175,67.91376684403564,"[0.0007699285723781606, 2.3867731241802668e-05]",mock
279,617.6601392515231,699.8416013925153,627.8302872062663,607,691,622,629,710,635,2298,0.002223338931798935,1.324412372131005,170.04437517856124,19,13,17,11,6,"[624, 702, 628]",179.95219911256507,99.45736093982715,68.04976958943655,"[0.0008570476848197533, 2.3657545516963786e-05]",mock
280,620.379282218597,431.8955954323002,1.900489396411093,609,425,0,631,440,6,1226,0.000386960047762841,5.957564831507416,170.04437517856124,15,6,4,7,0,"[613, 432, 0]",179.59255067778122,78.36203990392175,31.34481429063761,"[0.00012374281811116614, 7.071523213050519e-06]",mock
281,618.6708771929824,693.8638596491228,452.8835087719298,610,687,449,628,702,458,1425,0.00043979811016470194,2.208976545539756,139.12721605518644,15,9,5,6,4,"[615, 693, 453]",179.83230985973265,78.46665459151599,47.079990842724634,"[0.00011381237148020218, 5.596242756191436e-06]",mock
282,620.7363034316677,466.86574352799516,1352.8735701384708,611,459,1348,631,475,1358,1661,0.0011864283587783575,1.9069112318615355,154.58579561687384,16,10,6,7,5,"[617, 466, 1353]",179.59255067778122,83.58617662836475,52.241358094092526,"[0.0004034933301916765, 1.6826239513498293e-05]",mock
283,624.7084120982987,871.3629489603024,261.36436672967864,613,864,256,638,880,267,2116,0.0009591314592398703,2.73607780326654,193.23224452109227,16,11,4,8,6,"[617, 872, 262]",179.1131095941958,83.36303459410875,57.31208410116706,"[0.0004020106115245474, 1.6109163618267417e-05]",mock
284,618.7269461077844,11.877844311377245,1330.888622754491,614,5,1327,625,20,1336,835,0.0010102578671649098,2.4951396975084426,85.02218758928062,15,9,5,7,4,"[619, 12, 1331]",179.83230985973265,78.46665459151599,47.079990842724634,"[0.00011910085508374121, 5.688719232739645e-06]",mock
285,628.7385103011094,174.36846275752774,457.38470681458006,614,166,453,644,184,463,2524,0.0013488573022186756,2.2499451339834384,231.87869342531076,18,10,5,10,4,"[619, 176, 457]",178.63377152336125,93.53243486110614,51.96246052874155,"[0.00051402449653621, 1.9953449720607136e-05]",mock
286,618.6652675760755,448.8572927597062,997.8751311647429,614,441,993,625,457,1004,953,0.0035163944121450186,2.1349265818908854,85.02218758928062,16,11,5,8,5,"[619, 449, 998]",179.83230985973265,83.69776562944098,57.542211679195354,"[0.0004424345535888236, 1.5058617576181043e-05]",mock
287,622.7004081632653,86.37469387755102,222.35183673469388,616,79,217,630,95,229,1225,0.0029748533852398396,2.17176757718523,108.21005693181168,16,12,7,7,5,"[623, 86, 222]",179.35281725731895,83.47459961723118,62.60594773520405,"[0.0005494697484989295, 1.972149453770217e-05]",mock
288,626.675057966214,168.36767141437562,248.36866512090097,617,158,239,638,180,258,3019,0.004463851451873779,3.733365988667027,162.31508539771752,22,19,4,12,12,"[621, 170, 251]",178.8734276842599,114.47079450236747,98.86113727684538,"[0.0025149447090462773, 2.757931139814244e-05]",mock
289,627.70395421436,601.3855359001041,1415.3584807492196,618,594,1410,639,610,1422,1922,0.0019365415209904313,3.278373278169677,162.31508539771752,16,12,15,8,4,"[633, 602, 1414]",178.75359638544003,83.19570953271905,62.39678017842755,"[0.0009488521616716649, 2.9635588085011264e-05]",mock
290,631.6493320610687,34.33587786259542,1009.3444656488549,620,26,1005,644,44,1015,2096,0.001795786083675921,1.8023343990110097,185.50295474024858,18,10,18,10,4,"[638, 36, 1009]",178.27433555238258,93.34423460504256,51.85790483753428,"[0.0005984503235172111, 2.3292168770644178e-05]",mock
291,627.7249378624689,97.36122618061309,411.32974316487156,621,90,407,636,105,417,1207,0.0005538914119824767,2.1841626094190945,115.93934671265538,15,10,5,7,4,"[626, 97, 411]",178.75359638544003,77.99597700495463,51.99731617005189,"[9.713185488548006e-05, 4.431425879601338e-06]",mock
292,629.7231833910034,86.34025374855824,363.36908881199537,624,79,359,636,94,369,867,0.0009717097855173051,2.2170406153998425,92.75147737012429,15,10,5,7,4,"[629, 86, 363]",178.5139530975042,77.89141288566871,51.927606759652335,"[0.0001098129808143266, 5.198791143254731e-06]",mock
293,638.6799537839399,440.85384170999424,171.86597342576545,629,434,167,650,449,178,1731,0.0012347308220341802,3.2861020463115707,162.31508539771752,15,11,5,7,6,"[634, 441, 173]",177.4358768092404,77.42101332398549,56.77540810549938,"[0.00043705719808355767, 1.6741019597701928e-05]",mock
294,637.5972696245734,445.86894197952216,228.89283276450513,629,439,225,647,454,234,1465,0.0004795910499524325,2.4628800762667065,139.12721605518644,15,9,8,7,4,"[637, 446, 229]",177.55563733242724,77.47326871465434,46.48395934081585,"[0.00011688812077226365, 5.51345898454669e-06]",mock
295,642.2308649657747,458.0205351586808,620.5662725575606,632,451,616,652,466,626,1607,0.0004314333782531321,2.7110781948123654,154.58579561687384,15,10,5,7,4,"[637, 458, 620]",176.95689902170298,77.21201981975356,51.47467806501098,"[0.000125416897786761, 5.930658083725436e-06]",mock
296,640.6434724983433,715.8508946322067,491.83499005964217,632,709,487,651,724,497,1509,0.0007915644091553986,2.495739561381629,146.85650583603015,15,10,5,6,4,"[637, 715, 491]",177.1963750554657,77.31651096063287,51.54433882314118,"[0.0002147288328094426, 9.470826964028249e-06]",mock
297,642.8778337531486,387.8268261964736,1003.9301007556675,633,381,999,652,396,1009,1588,0.0003058343136217445,2.5369206740464003,146.85650583603015,15,10,6,6,5,"[639, 387, 1004]",176.95689902170298,77.21201981975356,51.47467806501098,"[9.484472197974787e-05, 4.567030952149407e-06]",mock
298,644.5176110260337,352.9509954058193,258.20444104134765,637,346,254,652,361,264,1306,0.0002740852360147983,2.0573464678248023,115.93934671265538,15,10,5,7,4,"[642, 353, 258]",176.71744870380985,77.1075398995401,51.40502478732441,"[6.149160482710051e-05, 2.8404851668074375e-06]",mock
299,646.6315250767656,578.6857727737973,1073.1821903787104,641,572,1069,652,586,1079,977,0.000740444753319025,2.2142406305757882,85.02218758928062,14,10,4,6,4,"[645, 578, 1073]",176.47802409764395,71.86953253044608,51.3353789888765,"[0.00011305176636385809, 5.1166352272702775e-06]",mock
300,648.4663212435233,74.27806563039724,460.34715025906735,645,67,456,652,82,466,579,0.0015135022113099694,2.680459346779524,54.10502846590584,15,10,3,7,4,"[648, 74, 460]",176.23862519906478,76.8986137138817,51.26574066846285,"[0.00010701983216321415, 5.0239304161134e-06]",mock
